{
	"theme" : {
		"manifest" : {
			"media" : [{
					"assetId" : "domain_44071_grey",
					"id" : "grey",
					"src" : "http://ignat.space/images/Smiley-Face.png",
					"type" : "image"
				}, {
					"id" : "domain_44505",
					"type" : "audio",
					"src" : "https://sandbox-community.ekstep.in/assets/public/content/friday_250_1462427416_1462427416342.mp3",
					"assetId" : "domain_44505"
				}, {
					"id" : "domain_44506",
					"type" : "audio",
					"src" : "https://sandbox-community.ekstep.in/assets/public/content/friday_250_1462427416_1462427416636.mp3",
					"assetId" : "domain_44506"
				}, {
					"id" : "domain_44507",
					"type" : "audio",
					"src" : "https://sandbox-community.ekstep.in/assets/public/content/friday_250_1462427417_1462427416934.mp3",
					"assetId" : "domain_44507"
				}, {
					"id" : "domain_44508",
					"type" : "audio",
					"src" : "https://sandbox-community.ekstep.in/assets/public/content/friday_250_1462427417_1462427417214.mp3",
					"assetId" : "domain_44508"
				}, {
					"id" : "domain_44509",
					"type" : "audio",
					"src" : "https://sandbox-community.ekstep.in/assets/public/content/friday_250_1462427417_1462427417488.mp3",
					"assetId" : "domain_44509"
				}, {
					"id" : "validate",
					"src" : "https://ekstep-public.s3-ap-southeast-1.amazonaws.com/language_assets/dd_1461312145324.jpg",
					"type" : "image"
				}, {
					"id" : "popupTint",
					"src" : "https://ekstep-public.s3-ap-southeast-1.amazonaws.com/language_assets/dd_1461312145324.jpg",
					"type" : "image"
				}, {
					"id" : "goodjobBg",
					"src" : "https://ekstep-public.s3-ap-southeast-1.amazonaws.com/language_assets/dd_1461312145324.jpg",
					"type" : "image"
				}, {
					"id" : "retryBg",
					"src" : "https://ekstep-public.s3-ap-southeast-1.amazonaws.com/language_assets/dd_1461312145324.jpg",
					"type" : "image"
				}, {
					"id" : "retry_audio",
					"src" : "https://sandbox-community.ekstep.in/assets/public/content/retry_1460636610607.mp3",
					"type" : "sound"
				}, {
					"id" : "goodjob_audio",
					"src" : "https://sandbox-community.ekstep.in/assets/public/content/goodJob_1460636677521.mp3",
					"type" : "sound"
				}, {
					"id" : "next",
					"src" : "https://ekstep-public.s3-ap-southeast-1.amazonaws.com/language_assets/dd_1461312145324.jpg",
					"type" : "image"
				}, {
					"id" : "previous",
					"src" : "https://ekstep-public.s3-ap-southeast-1.amazonaws.com/language_assets/dd_1461312145324.jpg",
					"type" : "image"
				}, {
					"id" : "submit",
					"src" : "https://ekstep-public.s3-ap-southeast-1.amazonaws.com/language_assets/dd_1461312145324.jpg",
					"type" : "image"
				}, {
					"id" : "home",
					"src" : "https://ekstep-public.s3-ap-southeast-1.amazonaws.com/language_assets/dd_1461312145324.jpg",
					"type" : "image"
				}, {
					"id" : "reload",
					"src" : "https://ekstep-public.s3-ap-southeast-1.amazonaws.com/language_assets/dd_1461312145324.jpg",
					"type" : "image"
				}, {
					"id" : "icon_hint",
					"src" : "https://ekstep-public.s3-ap-southeast-1.amazonaws.com/language_assets/dd_1461312145324.jpg",
					"type" : "image"
				}, {
					"id" : "speech_bubble",
					"src" : "https://ekstep-public.s3-ap-southeast-1.amazonaws.com/language_assets/dd_1461312145324.jpg",
					"type" : "image"
				}, {
					"id" : "yellowbox",
					"src" : "https://ekstep-public.s3-ap-southeast-1.amazonaws.com/language_assets/dd_1461312145324.jpg",
					"type" : "image"
				}, {
					"id" : "greenbox",
					"src" : "https://ekstep-public.s3-ap-southeast-1.amazonaws.com/language_assets/dd_1461312145324.jpg",
					"type" : "image"
				}, {
					"id" : "bg",
					"src" : "https://ekstep-public.s3-ap-southeast-1.amazonaws.com/language_assets/dd_1461312145324.jpg",
					"type" : "image"
				}
			]
		},
		"template" : [{
				"text" : {
					"align" : "center",
					"color" : "black",
					"font" : "Verdana",
					"fontsize" : 70,
					"model" : "item.title",
					"w" : 80,
					"x" : 10,
					"y" : 6
				},
				"shape" : {
					"event" : {
						"action" : {
							"asset_model" : "item.question_audio",
							"command" : "play",
							"type" : "command"
						},
						"type" : "click"
					},
					"h" : 15,
					"hitArea" : true,
					"id" : "retry",
					"type" : "rect",
					"visible" : true,
					"w" : 80,
					"x" : 10,
					"y" : 2
				},
				"image" : [{
						"asset" : "grey",
						"h" : 20,
						"w" : 30,
						"x" : 32,
						"y" : 17
					}, {
						"asset" : "grey",
						"h" : 20,
						"w" : 30,
						"x" : 32,
						"y" : 37
					}, {
						"asset" : "grey",
						"h" : 20,
						"w" : 30,
						"x" : 32,
						"y" : 57
					}, {
						"asset" : "grey",
						"h" : 20,
						"w" : 30,
						"x" : 32,
						"y" : 77
					}
				],
				"mtf" : {
					"option" : [{
							"text" : {
								"align" : "center",
								"font" : "Georgia",
								"fontsize" : 150,
								"h" : 15.5,
								"model" : "option.value.text",
								"w" : 10,
								"weight" : "bold",
								"x" : 15,
								"y" : 10
							},
							"event" : {
								"action" : {
									"asset-model" : "option.value.audio",
									"command" : "play",
									"type" : "command"
								},
								"type" : "click"
							},
							"h" : 20,
							"option" : "lhs_options[0]",
							"snapX" : 63,
							"snapY" : 3,
							"w" : 52,
							"x" : 10,
							"y" : 17
						}, {
							"text" : {
								"align" : "center",
								"font" : "Georgia",
								"fontsize" : 150,
								"h" : 15.5,
								"model" : "option.value.text",
								"w" : 10,
								"weight" : "bold",
								"x" : 15,
								"y" : 10
							},
							"event" : {
								"action" : {
									"asset-model" : "option.value.audio",
									"command" : "play",
									"type" : "command"
								},
								"type" : "click"
							},
							"h" : 20,
							"option" : "lhs_options[1]",
							"snapX" : 63,
							"snapY" : 3,
							"w" : 52,
							"x" : 10,
							"y" : 36
						}, {
							"text" : {
								"align" : "center",
								"font" : "Georgia",
								"fontsize" : 150,
								"h" : 15.5,
								"model" : "option.value.text",
								"w" : 10,
								"weight" : "bold",
								"x" : 15,
								"y" : 10
							},
							"event" : {
								"action" : {
									"asset-model" : "option.value.audio",
									"command" : "play",
									"type" : "command"
								},
								"type" : "click"
							},
							"h" : 20,
							"option" : "lhs_options[2]",
							"snapX" : 63,
							"snapY" : 3,
							"w" : 52,
							"x" : 10,
							"y" : 57
						}, {
							"text" : {
								"align" : "center",
								"font" : "Georgia",
								"fontsize" : 150,
								"h" : 15.5,
								"model" : "option.value.text",
								"w" : 10,
								"weight" : "bold",
								"x" : 15,
								"y" : 10
							},
							"event" : {
								"action" : {
									"asset-model" : "option.value.audio",
									"command" : "play",
									"type" : "command"
								},
								"type" : "click"
							},
							"h" : 20,
							"option" : "lhs_options[3]",
							"snapX" : 63,
							"snapY" : 3,
							"w" : 52,
							"x" : 10,
							"y" : 77
						}, {
							"text" : {
								"align" : "center",
								"font" : "Georgia",
								"fontsize" : 700,
								"h" : 15.5,
								"model" : "option.value.text",
								"w" : 10,
								"weight" : "bold",
								"x" : 35,
								"y" : 0
							},
							"event" : {
								"action" : {
									"asset-model" : "option.value.audio",
									"command" : "play",
									"type" : "command"
								},
								"type" : "click"
							},
							"h" : 15.5,
							"option" : "rhs_options[0]",
							"w" : 10,
							"x" : 70,
							"y" : 20
						}, {
							"text" : {
								"align" : "center",
								"font" : "Georgia",
								"fontsize" : 700,
								"h" : 15.5,
								"model" : "option.value.text",
								"w" : 10,
								"weight" : "bold",
								"x" : 35,
								"y" : 0
							},
							"event" : {
								"action" : {
									"asset-model" : "option.value.audio",
									"command" : "play",
									"type" : "command"
								},
								"type" : "click"
							},
							"h" : 15.5,
							"option" : "rhs_options[1]",
							"w" : 10,
							"x" : 70,
							"y" : 40
						}, {
							"text" : {
								"align" : "center",
								"font" : "Georgia",
								"fontsize" : 700,
								"h" : 15.5,
								"model" : "option.value.text",
								"w" : 10,
								"weight" : "bold",
								"x" : 35,
								"y" : 0
							},
							"event" : {
								"action" : {
									"asset-model" : "option.value.audio",
									"command" : "play",
									"type" : "command"
								},
								"type" : "click"
							},
							"h" : 15.5,
							"option" : "rhs_options[2]",
							"w" : 10,
							"x" : 70,
							"y" : 60
						}, {
							"text" : {
								"align" : "center",
								"font" : "Georgia",
								"fontsize" : 700,
								"h" : 15.5,
								"model" : "option.value.text",
								"w" : 10,
								"weight" : "bold",
								"x" : 35,
								"y" : 0
							},
							"event" : {
								"action" : {
									"asset-model" : "option.value.audio",
									"command" : "play",
									"type" : "command"
								},
								"type" : "click"
							},
							"h" : 15.5,
							"option" : "rhs_options[3]",
							"w" : 10,
							"x" : 70,
							"y" : 80
						}
					],
					"force" : false,
					"model" : "item"
				},
				"id" : "org.ekstep.mtf.text.text"
			}, {
				"text" : [{
						"font" : "Georgia",
						"fontsize" : 40,
						"model" : "item.title",
						"marginY" : 10,
						"padX" : 30,
						"padY" : 10,
						"w" : 70,
						"h" : 12,
						"x" : 15,
						"y" : 5,
						"lineHeight" : 1.2,
						"align" : "left"
					}, {
						"font" : "Georgia",
						"fontsize" : 60,
						"model" : "item.question",
						"marginY" : 10,
						"padX" : 30,
						"padY" : 10,
						"w" : 70,
						"h" : 12,
						"x" : 15,
						"y" : 12,
						"lineHeight" : 1.2
					}
				],
				"mcq" : {
					"options" : {
						"cols" : 1,
						"h" : 60,
						"layout" : "table",
						"marginX" : 5,
						"marginY" : 8,
						"options" : "options",
						"padX" : 30,
						"padY" : 10,
						"w" : 40,
						"x" : 30,
						"y" : 35,
						"align" : "left"
					},
					"model" : "item",
					"multi_select" : false,
					"shadow" : "#FF0000"
				},
				"id" : "mcq_template_default"
			}, {
				"text" : [{
						"x" : 25,
						"y" : 25,
						"w" : 50,
						"h" : 9,
						"visible" : true,
						"editable" : true,
						"model" : "word.lemma",
						"weight" : "normal",
						"font" : "helvetica",
						"color" : "rgb(0,0,0)",
						"fontstyle" : "",
						"fontsize" : 75,
						"align" : "left",
						"z-index" : 1,
						"id" : "lemma"
					}, {
						"x" : 25,
						"y" : 35,
						"w" : 50,
						"h" : 40,
						"visible" : true,
						"editable" : true,
						"model" : "word.gloss",
						"weight" : "normal",
						"font" : "helvetica",
						"color" : "rgb(0,0,0)",
						"fontstyle" : "",
						"fontsize" : 43,
						"align" : "left",
						"z-index" : 2,
						"id" : "gloss"
					}
				],
				"shape" : [{
						"x" : 20,
						"y" : 20,
						"w" : 60,
						"h" : 60,
						"visible" : true,
						"editable" : true,
						"type" : "roundrect",
						"radius" : 10,
						"opacity" : 1,
						"fill" : "#45b3a5",
						"stroke-width" : 1,
						"z-index" : 0,
						"id" : "textBg"
					}
				],
				"id" : "infoTemplate"
			}, {
				"text" : {
					"model" : "item.title",
					"x" : 9,
					"y" : 7,
					"w" : 86,
					"h" : 4,
					"font" : "Georgia",
					"fontsize" : 42
				},
				"mcq" : {
					"options" : {
						"layout" : "table",
						"x" : 20,
						"y" : 15,
						"w" : 70,
						"h" : 85,
						"cols" : 2,
						"marginX" : 10,
						"marginY" : 5,
						"options" : "options"
					},
					"multi_select" : false,
					"model" : "item"
				},
				"g" : {
					"image" : {
						"event" : {
							"action" : [{
									"type" : "command",
									"command" : "stop",
									"asset_model" : "item.hints[0].asset"
								}, {
									"type" : "command",
									"command" : "toggleShow",
									"asset" : "hint"
								}
							],
							"type" : "click"
						},
						"asset" : "speech_bubble",
						"x" : 0,
						"y" : 0,
						"w" : 100,
						"h" : 100
					},
					"text" : [{
							"x" : 10,
							"y" : 20,
							"w" : 80,
							"h" : 80,
							"font" : "Georgia",
							"weight" : "bold",
							"fontsize" : 150,
							"__text" : "Hint"
						}, {
							"x" : 10,
							"y" : 40,
							"w" : 80,
							"h" : 80,
							"font" : "Georgia",
							"fontsize" : 120,
							"model" : "item.hints[1].asset"
						}
					],
					"x" : 9,
					"y" : 17,
					"w" : 20,
					"h" : 20,
					"id" : "hint",
					"visible" : false
				},
				"image" : {
					"event" : {
						"action" : [{
								"type" : "command",
								"command" : "togglePlay",
								"asset_model" : "item.hints[0].asset"
							}, {
								"type" : "command",
								"command" : "toggleShow",
								"asset" : "hint"
							}
						],
						"type" : "click"
					},
					"asset" : "icon_hint",
					"x" : 5,
					"y" : 35
				},
				"id" : "mcq_template_1"
			}, {
				"image" : [{
						"event" : {
							"action" : {
								"type" : "command",
								"command" : "show",
								"asset" : "retryDialog"
							},
							"type" : "click"
						},
						"asset" : "popupTint",
						"x" : -100,
						"y" : -150,
						"w" : 550,
						"h" : 600,
						"visible" : true,
						"id" : "popup-Tint"
					}, {
						"asset" : "retryBg",
						"x" : 0,
						"y" : 0,
						"w" : 150,
						"h" : 150,
						"visible" : true,
						"id" : "right"
					}
				],
				"shape" : [{
						"event" : {
							"action" : [{
									"type" : "command",
									"command" : "hide",
									"asset" : "retryDialog"
								}, {
									"type" : "command",
									"command" : "SHOWHTMLELEMENTS",
									"asset" : "retry"
								}
							],
							"type" : "click"
						},
						"type" : "roundrect",
						"x" : 72,
						"y" : 25,
						"w" : 50,
						"h" : 65,
						"visible" : true,
						"id" : "retry",
						"hitArea" : true
					}, {
						"event" : {
							"action" : {
								"type" : "command",
								"command" : "transitionTo",
								"asset" : "theme",
								"param" : "next",
								"effect" : "fadein",
								"direction" : "left",
								"ease" : "linear",
								"duration" : 100
							},
							"type" : "click"
						},
						"type" : "roundrect",
						"x" : 110,
						"y" : 100,
						"w" : 25,
						"h" : 35,
						"visible" : true,
						"id" : "continue",
						"hitArea" : true
					}
				],
				"id" : "retry"
			}, {
				"g" : {
					"image" : [{
							"asset" : "popupTint",
							"x" : 0,
							"y" : 0,
							"w" : 100,
							"h" : 100,
							"visible" : true,
							"id" : "popup-Tint"
						}
					],
					"text" : [{
							"x" : 25,
							"y" : 25,
							"w" : 50,
							"h" : 9,
							"visible" : true,
							"editable" : true,
							"model" : "word.lemma",
							"weight" : "normal",
							"font" : "helvetica",
							"color" : "rgb(0,0,0)",
							"fontstyle" : "",
							"fontsize" : 75,
							"align" : "left",
							"z-index" : 1,
							"id" : "lemma"
						}, {
							"x" : 25,
							"y" : 35,
							"w" : 50,
							"h" : 40,
							"visible" : true,
							"editable" : true,
							"model" : "word.gloss",
							"weight" : "normal",
							"font" : "helvetica",
							"color" : "rgb(0,0,0)",
							"fontstyle" : "",
							"fontsize" : 43,
							"align" : "left",
							"z-index" : 2,
							"id" : "gloss"
						}
					],
					"shape" : [{
							"x" : 20,
							"y" : 20,
							"w" : 60,
							"h" : 60,
							"visible" : true,
							"editable" : true,
							"type" : "roundrect",
							"radius" : 10,
							"opacity" : 1,
							"fill" : "#45b3a5",
							"stroke-width" : 1,
							"z-index" : 0,
							"id" : "textBg"
						}
					],
					"x" : 0,
					"y" : 0,
					"w" : 100,
					"h" : 100,
					"event" : {
						"action" : [{
								"type" : "command",
								"command" : "SHOWHTMLELEMENTS",
								"asset" : "textBg"
							}, {
								"type" : "command",
								"command" : "hide",
								"parent" : true
							}
						],
						"type" : "click"
					}
				},
				"id" : "infoTemplate"
			}, {
				"image" : [{
						"event" : {
							"action" : {
								"type" : "command",
								"command" : "show",
								"asset" : ""
							},
							"type" : "click"
						},
						"asset" : "popupTint",
						"x" : -100,
						"y" : -150,
						"w" : 550,
						"h" : 600,
						"visible" : true,
						"id" : "popup-Tint"
					}, {
						"event" : {
							"action" : [{
									"type" : "command",
									"command" : "transitionTo",
									"asset" : "theme",
									"param" : "next",
									"effect" : "scroll",
									"direction" : "left",
									"ease" : "linear",
									"duration" : 500
								}, {
									"type" : "command",
									"command" : "SHOWHTMLELEMENTS",
									"asset" : ""
								}
							],
							"type" : "click"
						},
						"asset" : "goodjobBg",
						"x" : 0,
						"y" : 0,
						"w" : 150,
						"h" : 150,
						"visible" : true,
						"id" : "continue"
					}
				],
				"id" : "goodjob"
			}
		],
		"controller" : [{
				"name" : "assessment_1147d8ad-2a59-486d-bf17-de56643fd7b6",
				"type" : "items",
				"id" : "assessment_1147d8ad-2a59-486d-bf17-de56643fd7b6",
				"__cdata" : {
					"total_items" : 1,
					"subject" : "domain",
					"code" : "ItemSet_64a186d5-66cc-4d7f-8fb0-8a64d9a10f03",
					"type" : "materialised",
					"lastUpdatedOn" : "2016-05-05T05:51:21.997+0000",
					"SET_TYPE" : "MATERIALISED_SET",
					"createdOn" : "2016-05-05T05:51:21.969+0000",
					"title" : "Testing ItemSet_3033ee66-37f3-44f6-9cb3-d2de99458a56",
					"items" : {
						"domain_44522" : [{
								"template" : "org.ekstep.mtf.text.text",
								"subject" : "domain",
								"keyword" : "[]",
								"template_id" : "domain_44071",
								"code" : "org.ekstep.assessmentitem.literacy_572adf19e9edc",
								"lastUpdatedOn" : "2016-05-05T05:50:17.656+0000",
								"type" : "mtf",
								"feedback" : "",
								"createdOn" : "2016-05-05T05:50:17.656+0000",
								"title" : "mtf-text-text",
								"qlevel" : "EASY",
								"name" : "mtf-text-text",
								"domain" : "literacy",
								"owner" : "250",
								"used_for" : "worksheet",
								"max_score" : 10,
								"lhs_options" : [{
										"value" : {
											"type" : "mixed",
											"text" : "Dummy Text",
											"count" : "",
											"image" : null,
											"audio" : "domain_44505"
										},
										"index" : 0
									}, {
										"value" : {
											"type" : "mixed",
											"text" : "Dummy Text",
											"count" : "",
											"image" : null,
											"audio" : null
										},
										"index" : 1
									}, {
										"value" : {
											"type" : "mixed",
											"text" : "Dummy Text",
											"count" : "",
											"image" : null,
											"audio" : null
										},
										"index" : 2
									}, {
										"value" : {
											"type" : "mixed",
											"text" : "Dummy Text",
											"count" : "",
											"image" : null,
											"audio" : null
										},
										"index" : 3
									}
								],
								"gradeLevel" : ["Kindergarten"],
								"language" : ["English"],
								"question" : "mtf-text-text",
								"identifier" : "domain_44510",
								"media" : "[{\"id\":\"domain_44505\",\"type\":\"audio\",\"src\":\"https://ekstep-public.s3-ap-southeast-1.amazonaws.com/content/friday_250_1462427416_1462427416342.mp3\",\"asset_id\":\"domain_44505\"},{\"id\":\"domain_44506\",\"type\":\"audio\",\"src\":\"https://ekstep-public.s3-ap-southeast-1.amazonaws.com/content/friday_250_1462427416_1462427416636.mp3\",\"asset_id\":\"domain_44506\"},{\"id\":\"domain_44507\",\"type\":\"audio\",\"src\":\"https://ekstep-public.s3-ap-southeast-1.amazonaws.com/content/friday_250_1462427417_1462427416934.mp3\",\"asset_id\":\"domain_44507\"},{\"id\":\"domain_44508\",\"type\":\"audio\",\"src\":\"https://ekstep-public.s3-ap-southeast-1.amazonaws.com/content/friday_250_1462427417_1462427417214.mp3\",\"asset_id\":\"domain_44508\"},{\"id\":\"domain_44509\",\"type\":\"audio\",\"src\":\"https://ekstep-public.s3-ap-southeast-1.amazonaws.com/content/friday_250_1462427417_1462427417488.mp3\",\"asset_id\":\"domain_44509\"}]",
								"rhs_options" : [{
										"value" : {
											"type" : "mixed",
											"text" : "Dummy Text",
											"count" : "",
											"image" : null,
											"audio" : "domain_44506"
										},
										"answer" : "0"
									}, {
										"value" : {
											"type" : "mixed",
											"text" : "Dummy Text",
											"count" : "",
											"image" : null,
											"audio" : "domain_44507"
										},
										"answer" : "0"
									}, {
										"value" : {
											"type" : "mixed",
											"text" : "Dummy Text",
											"count" : "",
											"image" : null,
											"audio" : "domain_44508"
										},
										"answer" : "0"
									}, {
										"value" : {
											"type" : "mixed",
											"text" : "Dummy Text",
											"count" : "",
											"image" : null,
											"audio" : "domain_44509"
										},
										"answer" : "0"
									}
								]
							}
						]
					},
					"SET_OBJECT_TYPE_KEY" : "AssessmentItem",
					"shuffle" : false,
					"used_for" : "assessment",
					"owner" : "Ilimi",
					"max_score" : 1,
					"gradeLevel" : ["Grade 1"],
					"item_sets" : [{
							"id" : "domain_44522",
							"count" : 1
						}
					],
					"language" : ["English"],
					"identifier" : "domain_44522"
				}
			}, {
				"name" : "dictionary",
				"type" : "data",
				"id" : "dictionary",
				"__cdata" : {}

			}
		],
		"startStage" : "scene1147d8ad-2a59-486d-bf17-de56643fd7b6",
		"id" : "theme",
		"ver" : 0.3,
		"stage" : [{
				"id" : "baseStage1",
				"preload" : true,
				"image" : [],
				"audio" : [{
						"asset" : "domain_44505"
					}, {
						"asset" : "domain_44506"
					}, {
						"asset" : "domain_44507"
					}, {
						"asset" : "domain_44508"
					}, {
						"asset" : "domain_44509"
					}
				]
			}, {
				"id" : "scene1147d8ad-2a59-486d-bf17-de56643fd7b6",
				"x" : 0,
				"y" : 0,
				"w" : 100,
				"h" : 100,
				"param" : [{
						"name" : "next",
						"value" : "scene1"
					}
				],
				"events" : {
					"event" : [{
							"action" : [{
									"type" : "command",
									"command" : "play",
									"asset" : "retry_audio"
								}, {
									"type" : "command",
									"command" : "show",
									"asset" : "retryDialog"
								}, {
									"tween" : {
										"to" : {
											"ease" : "bounceOut ",
											"duration" : 1500,
											"__cdata" : {
												"x" : 20,
												"y" : 20,
												"w" : 40,
												"h" : 30
											}
										},
										"id" : "retryShowAnim"
									},
									"type" : "animation",
									"asset" : "retryDialog"
								}
							],
							"type" : "wrong_response"
						}, {
							"action" : [{
									"type" : "command",
									"command" : "play",
									"asset" : "goodjob_audio"
								}, {
									"type" : "command",
									"command" : "show",
									"asset" : "goodjobDialog"
								}, {
									"tween" : {
										"to" : {
											"ease" : "bounceOut",
											"duration" : 1500,
											"__cdata" : {
												"x" : 20,
												"y" : 20,
												"w" : 40,
												"h" : 30
											}
										},
										"id" : "gjShowAnim"
									},
									"type" : "animation",
									"asset" : "goodjobDialog"
								}
							],
							"type" : "correct_response"
						}
					]
				},
				"image" : [{
						"event" : {
							"action" : {
								"type" : "command",
								"command" : "transitionTo",
								"asset" : "theme",
								"param" : "next",
								"effect" : "scroll",
								"direction" : "left",
								"ease" : "linear",
								"duration" : 500
							},
							"type" : "click"
						},
						"asset" : "next",
						"x" : 93,
						"y" : 3,
						"w" : 5,
						"h" : 8.3,
						"id" : "next",
						"visible" : true,
						"editable" : true,
						"z-index" : 100
					}, {
						"event" : {
							"action" : [{
									"type" : "command",
									"command" : "eval",
									"asset" : "scene1147d8ad-2a59-486d-bf17-de56643fd7b6",
									"success" : "correct_response",
									"failure" : "wrong_response"
								}, {
									"type" : "command",
									"command" : "HIDEHTMLELEMENTS",
									"asset" : "scene1147d8ad-2a59-486d-bf17-de56643fd7b6"
								}
							],
							"type" : "click"
						},
						"asset" : "validate",
						"x" : 91,
						"y" : 15,
						"h" : 15
					}
				],
				"text" : [],
				"shape" : [],
				"hotspot" : [],
				"embed" : [{
						"template" : "item",
						"var-item" : "item"
					}
				],
				"div" : [],
				"audio" : [],
				"scribble" : [],
				"iterate" : "assessment_1147d8ad-2a59-486d-bf17-de56643fd7b6",
				"preload" : true,
				"var" : "item",
				"appEvents" : {
					"list" : "next_item,correct_response,wrong_response"
				},
				"g" : [{
						"embed" : {
							"template-name" : "retry"
						},
						"x" : 30,
						"y" : -40,
						"w" : 40,
						"h" : 48,
						"id" : "retryDialog",
						"visible" : false
					}, {
						"embed" : {
							"template-name" : "goodjob"
						},
						"x" : 30,
						"y" : -40,
						"w" : 40,
						"h" : 48,
						"id" : "goodjobDialog",
						"visible" : false
					}
				]
			}, {
				"id" : "scene1",
				"x" : 0,
				"y" : 0,
				"w" : 100,
				"h" : 100,
				"param" : [{
						"name" : "previous",
						"value" : "scene1147d8ad-2a59-486d-bf17-de56643fd7b6"
					}
				],
				"events" : {
					"event" : []
				},
				"image" : [{
						"event" : {
							"action" : {
								"type" : "command",
								"command" : "transitionTo",
								"asset" : "theme",
								"param" : "previous",
								"effect" : "fadein",
								"direction" : "right",
								"ease" : "linear",
								"duration" : 100
							},
							"type" : "click"
						},
						"asset" : "previous",
						"x" : 2,
						"y" : 3,
						"w" : 5,
						"h" : 8.3,
						"id" : "previous",
						"visible" : true,
						"editable" : true,
						"z-index" : 100
					}
				],
				"text" : [],
				"shape" : [],
				"hotspot" : [],
				"embed" : [],
				"div" : [],
				"audio" : [],
				"scribble" : []
			}
		]
	}
}