{"theme":{"manifest":{"media":[{"id":"domain_62428","type":"audio","src":"friday_345_1465194385_1465194385119.mp3","assetId":"domain_62428"},{"id":"domain_62432","type":"audio","src":"friday_345_1465195096_1465195096332.mp3","assetId":"domain_62432"},{"id":"domain_62435","type":"audio","src":"friday_345_1465195218_1465195218746.mp3","assetId":"domain_62435"},{"id":"domain_62439","type":"audio","src":"friday_345_1465195427_1465195427457.mp3","assetId":"domain_62439"},{"id":"domain_62442","type":"audio","src":"friday_345_1465195541_1465195541624.mp3","assetId":"domain_62442"},{"id":"domain_62445","type":"image","src":"icon_next_345_1465195697_1465195697422.png","assetId":"domain_62445"},{"id":"domain_62446","type":"audio","src":"friday_345_1465195697_1465195697818.mp3","assetId":"domain_62446"},{"id":"domain_62449","type":"audio","src":"friday_345_1465196180_1465196180921.mp3","assetId":"domain_62449"},{"id":"validate","src":"btn_ok_highlights_1460705843676.png","type":"image","assetId":"domain_38852"},{"id":"popupTint","src":"popuptint_1460636175572.png","type":"image","assetId":"domain_38606"},{"id":"goodjobBg","src":"goodjobbg_1460727428389.png","type":"image","assetId":"domain_38939"},{"id":"retryBg","src":"retrybg_1460727370746.png","type":"image","assetId":"domain_38938"},{"id":"retry_audio","src":"retry_1460636610607.mp3","type":"sound","assetId":"domain_38624"},{"id":"goodjob_audio","src":"goodjob_1460636677521.mp3","type":"sound","assetId":"domain_38625"},{"id":"next","src":"btn_next_1461401649059.png","type":"image","assetId":"domain_40358"},{"id":"previous","src":"btn_back_1461401700215.png","type":"image","assetId":"domain_40359"},{"id":"submit","src":"icon_submit_1459243202199.png","type":"image","assetId":"domain_14524"},{"id":"home","src":"icon_home_1459242981364.png","type":"image","assetId":"domain_14519"},{"id":"reload","src":"icon_reload_1459243110661.png","type":"image","assetId":"domain_14522"},{"id":"icon_hint","src":"icon_hint_1454918891133.png","type":"image","assetId":"domain_799"},{"id":"bg","src":"background_1458729298020.png","type":"image"}]},"template":[{"text":{"event":{"action":[{"command":"stop","sound":true,"type":"command"},{"asset_model":"item.question_audio","command":"play","type":"command"}],"type":"click"},"align":"center","color":"black","font":"Verdana","fontsize":"1.8em","h":4,"lineHeight":1.4,"model":"item.question","w":80,"x":10,"y":7},"g":[{"text":{"align":"right","color":"#000","font":"Verdana","fontsize":"1.6em","h":100,"model":"item.textfield_value_first","valign":"middle","w":50,"x":0,"y":0},"input":{"align":"center","class":"inputText","h":100,"id":"text1","model":"item.ans1","type":"number","valign":"middle","w":10,"x":50,"y":0},"h":12,"w":70,"x":15,"y":35},{"text":{"align":"right","color":"#000","font":"Verdana","fontsize":"1.6em","h":100,"model":"item.textfield_value_second","valign":"middle","w":50,"x":0,"y":0},"input":{"align":"center","class":"inputText","h":100,"id":"text2","model":"item.ans2","type":"number","valign":"middle","w":10,"x":50,"y":0},"h":12,"w":70,"x":15,"y":50},{"text":{"align":"right","color":"#000","font":"Verdana","fontsize":"1.6em","h":100,"model":"item.textfield_value_third","valign":"middle","w":50,"x":0,"y":0},"input":{"align":"center","class":"inputText","h":100,"id":"text3","model":"item.ans3","type":"number","valign":"middle","w":10,"x":50,"y":0},"h":12,"w":70,"x":15,"y":65},{"text":{"align":"right","color":"#000","font":"Verdana","fontsize":"1.6em","h":100,"model":"item.textfield_value_fourth","valign":"middle","w":50,"x":0,"y":0},"input":{"align":"center","class":"inputText","h":100,"id":"text4","model":"item.ans4","type":"number","valign":"middle","w":10,"x":50,"y":0},"h":12,"w":70,"x":15,"y":80}],"id":"org.ekstep.ftb.input4_1"},{"text":[{"font":"Georgia","fontsize":40,"model":"item.title","marginY":10,"padX":30,"padY":10,"w":70,"h":12,"x":15,"y":5,"lineHeight":1.2,"align":"left"},{"font":"Georgia","fontsize":60,"model":"item.question","marginY":10,"padX":30,"padY":10,"w":70,"h":12,"x":15,"y":12,"lineHeight":1.2}],"mcq":{"options":{"cols":1,"h":60,"layout":"table","marginX":5,"marginY":8,"options":"options","padX":30,"padY":10,"w":40,"x":30,"y":35,"align":"left"},"model":"item","multi_select":false,"shadow":"#FF0000"},"id":"mcq_template_default"},{"text":{"event":{"action":[{"command":"stop","sound":true,"type":"command"},{"asset_model":"item.question_audio","command":"play","type":"command"}],"type":"click"},"align":"center","color":"black","font":"Verdana","fontsize":"1.8em","h":4,"model":"item.question","w":80,"x":10,"y":7},"g":[{"input":{"align":"center","class":"inputText","h":35,"id":"text1","model":"item.ans1","type":"number","valign":"top","w":80,"x":0,"y":0},"text":{"align":"center","color":"#000","font":"Verdana","fontsize":"1.6em","h":20,"model":"item.textfield_value_first","valign":"bottom","w":100,"x":0,"y":50},"h":30,"stroke":"red","w":8,"x":15,"y":35},{"input":{"align":"center","class":"inputText","h":35,"id":"text2","model":"item.ans2","type":"number","valign":"top","w":80,"x":0,"y":0},"text":{"align":"center","color":"#000","font":"Verdana","fontsize":"1.6em","h":20,"model":"item.textfield_value_second","valign":"bottom","w":100,"x":0,"y":50},"h":30,"stroke":"red","w":8,"x":30,"y":35},{"input":{"align":"center","class":"inputText","h":35,"id":"text3","model":"item.ans3","type":"number","valign":"top","w":80,"x":0,"y":0},"text":{"align":"center","color":"#000","font":"Verdana","fontsize":"1.6em","h":20,"model":"item.textfield_value_third","valign":"bottom","w":100,"x":0,"y":50},"h":30,"stroke":"red","w":8,"x":45,"y":35},{"input":{"align":"center","class":"inputText","h":35,"id":"text4","model":"item.ans4","type":"number","valign":"top","w":80,"x":0,"y":0},"text":{"align":"center","color":"#000","font":"Verdana","fontsize":"1.6em","h":20,"model":"item.textfield_value_fourth","valign":"bottom","w":100,"x":0,"y":50},"h":30,"stroke":"red","w":8,"x":60,"y":35},{"input":{"align":"center","class":"inputText","h":35,"id":"text5","model":"item.ans5","type":"number","valign":"top","w":80,"x":0,"y":0},"text":{"align":"center","color":"#000","font":"Verdana","fontsize":"1.6em","h":20,"model":"item.textfield_value_fifth","valign":"bottom","w":100,"x":0,"y":50},"h":30,"stroke":"red","w":8,"x":75,"y":35}],"id":"org.ekstep.ftb.text.input5_1"},{"text":[{"align":"center","color":"black","font":"Verdana","fontsize":"1.8em","h":4,"model":"item.title","w":80,"x":10,"y":7},{"event":{"action":[{"command":"stop","sound":true,"type":"command"},{"asset_model":"item.question_audio","command":"play","type":"command"}],"type":"click"},"align":"center","color":"#000","font":"Verdana","fontsize":"1.6em","h":10,"model":"item.question","valign":"middle","w":80,"x":10,"y":25}],"g":[{"input":{"class":"inputText","h":80,"id":"text1","model":"item.ans1","type":"number","valign":"middle","w":20,"x":0,"y":10},"text":{"color":"#000","font":"Verdana","fontsize":"1.6em","h":80,"model":"item.textfield_value_first","valign":"middle","w":80,"x":30,"y":0},"h":12,"w":30,"x":40,"y":45},{"input":{"class":"inputText","h":80,"id":"text2","model":"item.ans2","type":"number","valign":"middle","w":20,"x":0,"y":10},"text":{"color":"#000","font":"Verdana","fontsize":"1.6em","h":80,"model":"item.textfield_value_second","valign":"middle","w":80,"x":30,"y":0},"h":12,"w":30,"x":40,"y":60},{"input":{"class":"inputText","h":80,"id":"text3","model":"item.ans3","type":"number","valign":"middle","w":20,"x":0,"y":10},"text":{"color":"#000","font":"Verdana","fontsize":"1.6em","h":80,"model":"item.textfield_value_third","valign":"middle","w":80,"x":30,"y":0},"h":12,"w":30,"x":40,"y":75}],"id":"org.ekstep.ftb.text.input3_2"},{"text":{"event":{"action":[{"command":"stop","sound":true,"type":"command"},{"asset_model":"item.question_audio","command":"play","type":"command"}],"type":"click"},"align":"center","color":"black","font":"Verdana","fontsize":"1.8em","h":4,"model":"item.question","w":100,"x":0,"y":7},"g":[{"text":[{"align":"right","color":"#000","font":"Verdana","fontsize":"1.6em","h":100,"model":"item.textfield_value_first","valign":"middle","w":12,"x":0,"y":0},{"align":"left","color":"#000","font":"Verdana","fontsize":"1.6em","h":100,"model":"item.textfield_value_second","valign":"middle","w":30,"x":55,"y":0}],"input":{"align":"center","class":"inputText","h":60,"id":"text1","model":"item.ans1","type":"text","valign":"middle","w":20,"x":20,"y":20},"h":15,"w":30,"x":40,"y":30},{"text":[{"align":"right","color":"#000","font":"Verdana","fontsize":"1.6em","h":100,"model":"item.textfield_value_third","valign":"middle","w":12,"x":0,"y":0},{"align":"left","color":"#000","font":"Verdana","fontsize":"1.6em","h":100,"model":"item.textfield_value_fourth","valign":"middle","w":30,"x":55,"y":0}],"input":{"align":"center","class":"inputText","h":60,"id":"text2","model":"item.ans2","type":"text","valign":"middle","w":20,"x":20,"y":20},"h":15,"w":30,"x":40,"y":50},{"text":[{"align":"right","color":"#000","font":"Verdana","fontsize":"1.6em","h":100,"model":"item.textfield_value_fifth","valign":"middle","w":12,"x":0,"y":0},{"align":"left","color":"#000","font":"Verdana","fontsize":"1.6em","h":100,"model":"item.textfield_value_sixth","valign":"middle","w":30,"x":55,"y":0}],"input":{"align":"center","class":"inputText","h":60,"id":"text3","model":"item.ans3","type":"text","valign":"middle","w":20,"x":20,"y":20},"h":15,"w":30,"x":40,"y":70}],"id":"org.ekstep.ftb.text.input3_1"},{"text":{"event":{"action":[{"command":"stop","sound":true,"type":"command"},{"asset_model":"item.question_audio","command":"play","type":"command"}],"type":"click"},"align":"center","color":"black","font":"Verdana","fontsize":"1.8em","h":4,"lineHeight":1.4,"model":"item.title","w":80,"x":10,"y":7},"g":{"text":{"align":"center","color":"#000","font":"Verdana","fontsize":"1.6em","h":10,"model":"item.question","valign":"top","w":100,"x":0,"y":0},"input":{"class":"inputText","h":30,"model":"item.ans1","type":"text","valign":"bottom","w":20,"x":40,"y":55},"h":26,"w":40,"x":30,"y":30},"id":"org.ekstep.ftb.text.input1_2"},{"text":{"event":{"action":[{"command":"stop","sound":true,"type":"command"},{"asset_model":"item.question_audio","command":"play","type":"command"}],"type":"click"},"align":"center","color":"black","font":"Verdana","fontsize":"1.8em","model":"item.question","w":80,"x":10,"y":6},"g":{"placeholder":[{"align":"center","h":100,"model-asset":"item.question_image","model-count":"item.optionCount1","type":"gridLayout","valign":"top","w":30,"x":0,"y":0},{"align":"center","h":100,"model-asset":"item.question_image","model-count":"item.optionCount2","type":"gridLayout","valign":"top","w":30,"x":45,"y":0}],"text":[{"align":"center","color":"black","font":"Verdana","fontsize":"2.5em","h":0,"model":"item.operator1","valign":"middle","w":5,"x":32,"y":55},{"color":"black","font":"Verdana","fontsize":"2.5em","h":0,"model":"item.operator2","w":5,"x":76,"y":55}],"input":{"class":"inputText","h":40,"id":"text1","model":"item.ans1","type":"number","w":10,"x":86,"y":45},"h":25,"w":80,"x":10,"y":35},"id":"org.ekstep.ftb.grids.input1"},{"text":{"event":{"action":[{"command":"stop","sound":true,"type":"command"},{"asset_model":"item.question_audio","command":"play","type":"command"}],"type":"click"},"align":"center","color":"black","font":"Verdana","fontsize":"1.8em","h":4,"lineHeight":1.4,"model":"item.title","w":80,"x":10,"y":7},"g":{"text":{"align":"center","color":"#000","font":"Verdana","fontsize":"1.6em","h":2,"lineHeight":2,"model":"item.question","valign":"top","w":100,"x":0,"y":0},"input":{"align":"center","class":"inputText","h":35,"id":"text1","model":"item.ans1","type":"number","valign":"bottom","w":100,"x":0,"y":50},"h":35,"w":15,"x":43,"y":37},"id":"org.ekstep.ftb.text.input1_1"},{"text":{"model":"item.title","x":9,"y":7,"w":86,"h":4,"font":"Georgia","fontsize":42},"mcq":{"options":{"layout":"table","x":20,"y":15,"w":70,"h":85,"cols":2,"marginX":10,"marginY":5,"options":"options"},"multi_select":false,"model":"item"},"g":{"image":{"event":{"action":[{"type":"command","command":"stop","asset_model":"item.hints[0].asset"},{"type":"command","command":"toggleShow","asset":"hint"}],"type":"click"},"asset":"speech_bubble","x":0,"y":0,"w":100,"h":100},"text":[{"x":10,"y":20,"w":80,"h":80,"font":"Georgia","weight":"bold","fontsize":150,"__text":"Hint"},{"x":10,"y":40,"w":80,"h":80,"font":"Georgia","fontsize":120,"model":"item.hints[1].asset"}],"x":9,"y":17,"w":20,"h":20,"id":"hint","visible":false},"image":{"event":{"action":[{"type":"command","command":"togglePlay","asset_model":"item.hints[0].asset"},{"type":"command","command":"toggleShow","asset":"hint"}],"type":"click"},"asset":"icon_hint","x":5,"y":35},"id":"mcq_template_1"},{"image":[{"event":{"action":{"type":"command","command":"show","asset":"retryDialog"},"type":"click"},"asset":"popupTint","x":-100,"y":-150,"w":550,"h":600,"visible":true,"id":"popup-Tint"},{"asset":"retryBg","x":0,"y":0,"w":150,"h":150,"visible":true,"id":"right"}],"shape":[{"event":{"action":[{"type":"command","command":"hide","asset":"retryDialog"},{"type":"command","command":"SHOWHTMLELEMENTS","asset":"retry"}],"type":"click"},"type":"roundrect","x":72,"y":25,"w":50,"h":65,"visible":true,"id":"retry","hitArea":true},{"event":{"action":{"type":"command","command":"transitionTo","asset":"theme","param":"next","effect":"fadein","direction":"left","ease":"linear","duration":100},"type":"click"},"type":"roundrect","x":110,"y":100,"w":25,"h":35,"visible":true,"id":"continue","hitArea":true}],"id":"retry"},{"g":{"image":[{"asset":"popupTint","x":0,"y":0,"w":100,"h":100,"visible":true,"id":"popup-Tint"}],"text":[{"x":25,"y":25,"w":50,"h":9,"visible":true,"editable":true,"model":"word.lemma","weight":"normal","font":"helvetica","color":"rgb(0,0,0)","fontstyle":"","fontsize":75,"align":"left","z-index":1,"id":"lemma"},{"x":25,"y":35,"w":50,"h":40,"visible":true,"editable":true,"model":"word.gloss","weight":"normal","font":"helvetica","color":"rgb(0,0,0)","fontstyle":"","fontsize":43,"align":"left","z-index":2,"id":"gloss"}],"shape":[{"x":20,"y":20,"w":60,"h":60,"visible":true,"editable":true,"type":"roundrect","radius":10,"opacity":1,"fill":"#45b3a5","stroke-width":1,"z-index":0,"id":"textBg"}],"x":0,"y":0,"w":100,"h":100,"event":{"action":[{"type":"command","command":"SHOWHTMLELEMENTS","asset":"textBg"},{"type":"command","command":"hide","parent":true}],"type":"click"}},"id":"infoTemplate"},{"image":[{"event":{"action":{"type":"command","command":"show","asset":""},"type":"click"},"asset":"popupTint","x":-100,"y":-150,"w":550,"h":600,"visible":true,"id":"popup-Tint"},{"event":{"action":[{"type":"command","command":"transitionTo","asset":"theme","param":"next","effect":"fadein","direction":"left","ease":"linear","duration":500}],"type":"click"},"asset":"goodjobBg","x":0,"y":0,"w":150,"h":150,"visible":true,"id":"continue"}],"id":"goodjob"}],"controller":[{"name":"assessment_d197bc7f-6200-4cdb-b66b-4153fad984fc","type":"items","id":"assessment_d197bc7f-6200-4cdb-b66b-4153fad984fc","__cdata":{"total_items":1,"subject":"domain","code":"ItemSet_a6d7544b-21bf-469d-95b5-4c17202b3b97","type":"materialised","lastUpdatedOn":"2016-06-06T06:27:18.270+0000","showImmediateFeedback":true,"SET_TYPE":"MATERIALISED_SET","createdOn":"2016-06-06T06:27:18.234+0000","title":"Assessment Title","items":{"domain_62431":[{"template":"org.ekstep.ftb.input4_1","model":{"textfield_value_first":"3 x 4 = ","textfield_value_second":"3 x 40 = ","textfield_value_third":"30 x 4 = ","textfield_value_fourth":"30 x 40 = "},"question_audio":"domain_62428","subject":"domain","answer":{"ans1":{"value":"12","score":1},"ans2":{"value":"120","score":1},"ans3":{"value":"120","score":1},"ans4":{"value":"1200","score":1}},"template_id":"domain_61703","code":"org.ekstep.assessmentitem.literacy_575517918bdba","lastUpdatedOn":"2016-06-06T06:26:25.361+0000","type":"ftb","feedback":"","createdOn":"2016-06-06T06:26:25.361+0000","qlevel":"EASY","title":"level1","name":"level1","lastUpdatedBy":"345","domain":"literacy","owner":"345","used_for":"worksheet","max_score":1,"gradeLevel":["Grade 1"],"language":["English"],"question":"level1 template","identifier":"domain_62429","media":[{"id":"domain_62428","type":"audio","src":"https://ekstep-public.s3-ap-southeast-1.amazonaws.com/content/friday_345_1465194385_1465194385119.mp3","asset_id":"domain_62428","preload":true}]}]},"SET_OBJECT_TYPE_KEY":"AssessmentItem","shuffle":false,"lastUpdatedBy":"345","owner":"Ilimi","used_for":"assessment","max_score":1,"gradeLevel":["Grade 1"],"item_sets":[{"id":"domain_62431","count":1}],"language":["English"],"identifier":"domain_62431"}},{"name":"assessment_3d18ea25-0ca7-4380-a434-d6455d0c9c1e","type":"items","id":"assessment_3d18ea25-0ca7-4380-a434-d6455d0c9c1e","__cdata":{"total_items":1,"subject":"domain","code":"ItemSet_5056e469-4996-464e-8fbc-74db7a5dd9d0","type":"materialised","lastUpdatedOn":"2016-06-06T06:38:41.709+0000","showImmediateFeedback":true,"SET_TYPE":"MATERIALISED_SET","createdOn":"2016-06-06T06:38:41.669+0000","title":"Assessment Title","items":{"domain_62434":[{"template":"org.ekstep.ftb.text.input5_1","model":{"textfield_value_first":"one","textfield_value_second":"two","textfield_value_third":"three","textfield_value_fourth":"four","textfield_value_fifth":"five"},"question_audio":"domain_62432","subject":"domain","answer":{"ans1":{"value":"1","score":1},"ans2":{"value":"2","score":1},"ans3":{"value":"3","score":1},"ans4":{"value":"4","score":1},"ans5":{"value":"5","score":1}},"template_id":"domain_61699","code":"org.ekstep.assessmentitem.literacy_57551a58c02f5","lastUpdatedOn":"2016-06-06T06:38:16.576+0000","type":"ftb","feedback":"","createdOn":"2016-06-06T06:38:16.576+0000","qlevel":"EASY","title":"level2","name":"level2","lastUpdatedBy":"345","domain":"literacy","owner":"345","used_for":"worksheet","max_score":1,"gradeLevel":["Grade 1"],"language":["English"],"question":"level2 template","identifier":"domain_62433","media":[{"id":"domain_62432","type":"audio","src":"https://ekstep-public.s3-ap-southeast-1.amazonaws.com/content/friday_345_1465195096_1465195096332.mp3","asset_id":"domain_62432","preload":true}]}]},"SET_OBJECT_TYPE_KEY":"AssessmentItem","shuffle":false,"lastUpdatedBy":"345","owner":"Ilimi","used_for":"assessment","max_score":1,"gradeLevel":["Grade 1"],"item_sets":[{"id":"domain_62434","count":1}],"language":["English"],"identifier":"domain_62434"}},{"name":"assessment_f954be31-59e6-4209-b7f7-a13d9772ab32","type":"items","id":"assessment_f954be31-59e6-4209-b7f7-a13d9772ab32","__cdata":{"total_items":1,"subject":"domain","code":"ItemSet_8d2b8f5f-e04b-45a9-8a1a-1a284fef5174","type":"materialised","lastUpdatedOn":"2016-06-06T06:40:41.774+0000","showImmediateFeedback":true,"SET_TYPE":"MATERIALISED_SET","createdOn":"2016-06-06T06:40:41.736+0000","title":"Assessment Title","items":{"domain_62437":[{"template":"org.ekstep.ftb.text.input3_2","model":{"textfield_value_first":"ones","textfield_value_second":"tens","textfield_value_third":"hundreds"},"question_audio":"domain_62435","subject":"domain","answer":{"ans1":{"value":"2","score":1},"ans2":{"value":"3","score":1},"ans3":{"value":"4","score":1}},"template_id":"domain_61698","code":"org.ekstep.assessmentitem.literacy_57551ad34a2ba","lastUpdatedOn":"2016-06-06T06:40:19.084+0000","type":"ftb","feedback":"","createdOn":"2016-06-06T06:40:19.084+0000","qlevel":"EASY","title":"level3","name":"level3","lastUpdatedBy":"345","domain":"literacy","owner":"345","used_for":"worksheet","max_score":1,"gradeLevel":["Grade 1"],"language":["English"],"question":"level3 template","identifier":"domain_62436","media":[{"id":"domain_62435","type":"audio","src":"https://ekstep-public.s3-ap-southeast-1.amazonaws.com/content/friday_345_1465195218_1465195218746.mp3","asset_id":"domain_62435","preload":true}]}]},"SET_OBJECT_TYPE_KEY":"AssessmentItem","shuffle":false,"lastUpdatedBy":"345","owner":"Ilimi","used_for":"assessment","max_score":1,"gradeLevel":["Grade 1"],"item_sets":[{"id":"domain_62437","count":1}],"language":["English"],"identifier":"domain_62437"}},{"name":"assessment_794639dc-9e14-49cd-a123-ff9c287e8b75","type":"items","id":"assessment_794639dc-9e14-49cd-a123-ff9c287e8b75","__cdata":{"total_items":1,"subject":"domain","code":"ItemSet_0150ea34-3f39-4ce7-bc79-b178243790d5","type":"materialised","lastUpdatedOn":"2016-06-06T06:44:12.170+0000","showImmediateFeedback":true,"SET_TYPE":"MATERIALISED_SET","createdOn":"2016-06-06T06:44:12.129+0000","title":"Assessment Title","items":{"domain_62441":[{"template":"org.ekstep.ftb.text.input3_1","model":{"textfield_value_first":"4","textfield_value_second":"6 = 24","textfield_value_third":"5","textfield_value_fourth":"2 = 7","textfield_value_fifth":"7","textfield_value_sixth":"2 = 14"},"question_audio":"domain_62439","subject":"domain","answer":{"ans1":{"value":"*","score":1},"ans2":{"value":"+","score":1},"ans3":{"value":"*","score":1}},"template_id":"domain_61690","code":"org.ekstep.assessmentitem.literacy_57551ba3d3ddc","lastUpdatedOn":"2016-06-06T06:43:47.650+0000","type":"ftb","feedback":"","createdOn":"2016-06-06T06:43:47.650+0000","qlevel":"EASY","title":"level4","name":"level4","lastUpdatedBy":"345","domain":"literacy","owner":"345","used_for":"worksheet","max_score":1,"gradeLevel":["Grade 1"],"language":["English"],"question":"level4 template","identifier":"domain_62440","media":[{"id":"domain_62439","type":"audio","src":"https://ekstep-public.s3-ap-southeast-1.amazonaws.com/content/friday_345_1465195427_1465195427457.mp3","asset_id":"domain_62439","preload":true}]}]},"SET_OBJECT_TYPE_KEY":"AssessmentItem","shuffle":false,"lastUpdatedBy":"345","owner":"Ilimi","used_for":"assessment","max_score":1,"gradeLevel":["Grade 1"],"item_sets":[{"id":"domain_62441","count":1}],"language":["English"],"identifier":"domain_62441"}},{"name":"assessment_d0774303-8ccc-4f7f-94c3-70876cdff646","type":"items","id":"assessment_d0774303-8ccc-4f7f-94c3-70876cdff646","__cdata":{"total_items":1,"subject":"domain","code":"ItemSet_adb269fc-b371-48ac-b36e-74826e3c777a","type":"materialised","lastUpdatedOn":"2016-06-06T06:46:49.539+0000","showImmediateFeedback":true,"SET_TYPE":"MATERIALISED_SET","createdOn":"2016-06-06T06:46:49.490+0000","title":"Assessment Title","items":{"domain_62444":[{"template":"org.ekstep.ftb.text.input1_2","question_audio":"domain_62442","subject":"domain","answer":{"ans1":{"value":"my","score":1}},"template_id":"domain_61688","code":"org.ekstep.assessmentitem.literacy_57551c15f1eca","lastUpdatedOn":"2016-06-06T06:45:41.834+0000","type":"ftb","feedback":"","createdOn":"2016-06-06T06:45:41.834+0000","title":"level5","qlevel":"EASY","name":"level5","lastUpdatedBy":"345","domain":"literacy","owner":"345","used_for":"worksheet","max_score":1,"gradeLevel":["Grade 1"],"language":["English"],"question":"level5 template","identifier":"domain_62443","media":[{"id":"domain_62442","type":"audio","src":"https://ekstep-public.s3-ap-southeast-1.amazonaws.com/content/friday_345_1465195541_1465195541624.mp3","asset_id":"domain_62442","preload":true}]}]},"SET_OBJECT_TYPE_KEY":"AssessmentItem","shuffle":false,"lastUpdatedBy":"345","owner":"Ilimi","used_for":"assessment","max_score":1,"gradeLevel":["Grade 1"],"item_sets":[{"id":"domain_62444","count":1}],"language":["English"],"identifier":"domain_62444"}},{"name":"assessment_b6113d32-9f5f-4452-ba21-77e4acabda33","type":"items","id":"assessment_b6113d32-9f5f-4452-ba21-77e4acabda33","__cdata":{"total_items":1,"subject":"domain","code":"ItemSet_dae2e5a8-7680-4d39-9d9d-b856005a6ac5","type":"materialised","lastUpdatedOn":"2016-06-06T06:48:37.871+0000","showImmediateFeedback":true,"SET_TYPE":"MATERIALISED_SET","createdOn":"2016-06-06T06:48:37.830+0000","title":"Assessment Title","items":{"domain_62448":[{"model":{"optionCount1":4,"optionCount2":3,"operator1":"-","operator2":"="},"question_audio":"domain_62446","subject":"domain","template_id":"domain_61684","type":"ftb","feedback":"","title":"level6","qlevel":"EASY","question_image":"domain_62445","name":"level6","domain":"literacy","max_score":1,"question":"level6 template","template":"org.ekstep.ftb.grids.input1","answer":{"ans1":{"value":"1","score":1}},"code":"org.ekstep.assessmentitem.literacy_57551cb21d626","lastUpdatedOn":"2016-06-06T06:48:18.037+0000","createdOn":"2016-06-06T06:48:18.037+0000","lastUpdatedBy":"345","used_for":"worksheet","owner":"345","gradeLevel":["Grade 1"],"language":["English"],"identifier":"domain_62447","media":[{"id":"domain_62445","type":"image","src":"https://ekstep-public.s3-ap-southeast-1.amazonaws.com/content/icon_next_345_1465195697_1465195697422.png","asset_id":"domain_62445","preload":true},{"id":"domain_62446","type":"audio","src":"https://ekstep-public.s3-ap-southeast-1.amazonaws.com/content/friday_345_1465195697_1465195697818.mp3","asset_id":"domain_62446","preload":true}]}]},"SET_OBJECT_TYPE_KEY":"AssessmentItem","shuffle":false,"lastUpdatedBy":"345","owner":"Ilimi","used_for":"assessment","max_score":1,"gradeLevel":["Grade 1"],"item_sets":[{"id":"domain_62448","count":1}],"language":["English"],"identifier":"domain_62448"}},{"name":"assessment_e6c2c144-dac5-4b8c-a75f-d58e6a24f81e","type":"items","id":"assessment_e6c2c144-dac5-4b8c-a75f-d58e6a24f81e","__cdata":{"total_items":1,"subject":"domain","code":"ItemSet_393198fc-0c90-405f-9575-542f46837718","type":"materialised","lastUpdatedOn":"2016-06-06T06:58:29.600+0000","showImmediateFeedback":true,"SET_TYPE":"MATERIALISED_SET","createdOn":"2016-06-06T06:58:29.555+0000","title":"Assessment Title","items":{"domain_62452":[{"template":"org.ekstep.ftb.text.input1_1","question_audio":"domain_62449","subject":"domain","answer":{"ans1":{"value":"888","score":1}},"template_id":"domain_62427","code":"org.ekstep.assessmentitem.literacy_57551e9513523","lastUpdatedOn":"2016-06-06T06:56:21.149+0000","type":"ftb","feedback":"","createdOn":"2016-06-06T06:56:21.149+0000","title":"level7","qlevel":"EASY","name":"level7","lastUpdatedBy":"345","domain":"literacy","owner":"345","used_for":"worksheet","max_score":1,"gradeLevel":["Grade 1"],"language":["English"],"question":"level7 555 + 333 =","identifier":"domain_62450","media":[{"id":"domain_62449","type":"audio","src":"https://ekstep-public.s3-ap-southeast-1.amazonaws.com/content/friday_345_1465196180_1465196180921.mp3","asset_id":"domain_62449","preload":true}]}]},"SET_OBJECT_TYPE_KEY":"AssessmentItem","shuffle":false,"lastUpdatedBy":"345","owner":"Ilimi","used_for":"assessment","max_score":1,"gradeLevel":["Grade 1"],"item_sets":[{"id":"domain_62452","count":1}],"language":["English"],"identifier":"domain_62452"}},{"name":"dictionary","type":"data","id":"dictionary","__cdata":{}}],"startStage":"scene1","id":"theme","ver":0.3,"stage":[{"id":"baseStage1","preload":true,"image":[{"asset":"domain_62445"},{"asset":"validate"},{"asset":"popupTint"},{"asset":"goodjobBg"},{"asset":"retryBg"},{"asset":"next"},{"asset":"previous"},{"asset":"submit"},{"asset":"home"},{"asset":"reload"},{"asset":"icon_hint"},{"asset":"bg"}],"audio":[{"asset":"domain_62428"},{"asset":"domain_62432"},{"asset":"domain_62435"},{"asset":"domain_62439"},{"asset":"domain_62442"},{"asset":"domain_62446"},{"asset":"domain_62449"},{"asset":"retry_audio"},{"asset":"goodjob_audio"}]},{"id":"scene1","x":0,"y":0,"w":100,"h":100,"param":[{"name":"next","value":"scened197bc7f-6200-4cdb-b66b-4153fad984fc"}],"events":{"event":[]},"image":[{"event":{"action":{"type":"command","command":"transitionTo","asset":"theme","param":"next","effect":"fadein","direction":"left","ease":"linear","duration":500},"type":"click"},"asset":"next","x":93,"y":3,"w":5,"h":8.3,"id":"next","visible":true,"editable":true,"z-index":100}],"text":[],"shape":[],"hotspot":[],"embed":[],"div":[],"audio":[],"scribble":[],"g":[]},{"id":"scened197bc7f-6200-4cdb-b66b-4153fad984fc","x":0,"y":0,"w":100,"h":100,"param":[{"name":"instructions","value":""},{"name":"next","value":"scene3d18ea25-0ca7-4380-a434-d6455d0c9c1e"},{"name":"previous","value":"scene1"}],"events":{"event":[{"action":[{"type":"command","command":"play","asset":"retry_audio"},{"type":"command","command":"show","asset":"retryDialog"},{"tween":{"to":{"ease":"bounceOut ","duration":1500,"__cdata":{"x":20,"y":20,"w":40,"h":30}},"id":"retryShowAnim"},"type":"animation","asset":"retryDialog"}],"type":"wrong_response"},{"action":[{"type":"command","command":"play","asset":"goodjob_audio"},{"type":"command","command":"show","asset":"goodjobDialog"},{"tween":{"to":{"ease":"bounceOut","duration":1500,"__cdata":{"x":20,"y":20,"w":40,"h":30}},"id":"gjShowAnim"},"type":"animation","asset":"goodjobDialog"}],"type":"correct_response"}]},"image":[{"event":{"action":{"type":"command","command":"transitionTo","asset":"theme","param":"next","effect":"fadein","direction":"left","ease":"linear","duration":500},"type":"click"},"asset":"next","x":93,"y":3,"w":5,"h":8.3,"id":"next","visible":true,"editable":true,"z-index":100},{"event":{"action":{"type":"command","command":"transitionTo","asset":"theme","param":"previous","effect":"fadein","direction":"right","ease":"linear","duration":100},"type":"click"},"asset":"previous","x":2,"y":3,"w":5,"h":8.3,"id":"previous","visible":true,"editable":true,"z-index":100},{"event":{"action":[{"type":"command","command":"eval","asset":"scened197bc7f-6200-4cdb-b66b-4153fad984fc","success":"correct_response","failure":"wrong_response"},{"type":"command","command":"HIDEHTMLELEMENTS","asset":"scened197bc7f-6200-4cdb-b66b-4153fad984fc"}],"type":"click"},"asset":"validate","x":91,"y":15,"h":15}],"text":[],"shape":[],"hotspot":[],"embed":[],"div":[],"audio":[],"scribble":[],"g":[{"embed":{"template":"item","var-item":"item"},"x":10,"y":0,"w":80,"h":90},{"embed":{"template-name":"retry"},"x":30,"y":-40,"w":40,"h":48,"id":"retryDialog","visible":false},{"embed":{"template-name":"goodjob"},"x":30,"y":-40,"w":40,"h":48,"id":"goodjobDialog","visible":false}],"iterate":"assessment_d197bc7f-6200-4cdb-b66b-4153fad984fc","preload":true,"var":"item","appEvents":{"list":"next_item,correct_response,wrong_response"}},{"id":"scene3d18ea25-0ca7-4380-a434-d6455d0c9c1e","x":0,"y":0,"w":100,"h":100,"param":[{"name":"next","value":"scenef954be31-59e6-4209-b7f7-a13d9772ab32"},{"name":"previous","value":"scened197bc7f-6200-4cdb-b66b-4153fad984fc"}],"events":{"event":[{"action":[{"type":"command","command":"play","asset":"retry_audio"},{"type":"command","command":"show","asset":"retryDialog"},{"tween":{"to":{"ease":"bounceOut ","duration":1500,"__cdata":{"x":20,"y":20,"w":40,"h":30}},"id":"retryShowAnim"},"type":"animation","asset":"retryDialog"}],"type":"wrong_response"},{"action":[{"type":"command","command":"play","asset":"goodjob_audio"},{"type":"command","command":"show","asset":"goodjobDialog"},{"tween":{"to":{"ease":"bounceOut","duration":1500,"__cdata":{"x":20,"y":20,"w":40,"h":30}},"id":"gjShowAnim"},"type":"animation","asset":"goodjobDialog"}],"type":"correct_response"}]},"image":[{"event":{"action":{"type":"command","command":"transitionTo","asset":"theme","param":"next","effect":"fadein","direction":"left","ease":"linear","duration":500},"type":"click"},"asset":"next","x":93,"y":3,"w":5,"h":8.3,"id":"next","visible":true,"editable":true,"z-index":100},{"event":{"action":{"type":"command","command":"transitionTo","asset":"theme","param":"previous","effect":"fadein","direction":"right","ease":"linear","duration":100},"type":"click"},"asset":"previous","x":2,"y":3,"w":5,"h":8.3,"id":"previous","visible":true,"editable":true,"z-index":100},{"event":{"action":[{"type":"command","command":"eval","asset":"scene3d18ea25-0ca7-4380-a434-d6455d0c9c1e","success":"correct_response","failure":"wrong_response"},{"type":"command","command":"HIDEHTMLELEMENTS","asset":"scene3d18ea25-0ca7-4380-a434-d6455d0c9c1e"}],"type":"click"},"asset":"validate","x":91,"y":15,"h":15}],"text":[],"shape":[],"hotspot":[],"embed":[],"div":[],"audio":[],"scribble":[],"g":[{"embed":{"template":"item","var-item":"item"},"x":10,"y":0,"w":80,"h":90},{"embed":{"template-name":"retry"},"x":30,"y":-40,"w":40,"h":48,"id":"retryDialog","visible":false},{"embed":{"template-name":"goodjob"},"x":30,"y":-40,"w":40,"h":48,"id":"goodjobDialog","visible":false}],"iterate":"assessment_3d18ea25-0ca7-4380-a434-d6455d0c9c1e","preload":true,"var":"item","appEvents":{"list":"next_item,correct_response,wrong_response"}},{"id":"scenef954be31-59e6-4209-b7f7-a13d9772ab32","x":0,"y":0,"w":100,"h":100,"param":[{"name":"next","value":"scene794639dc-9e14-49cd-a123-ff9c287e8b75"},{"name":"previous","value":"scene3d18ea25-0ca7-4380-a434-d6455d0c9c1e"}],"events":{"event":[{"action":[{"type":"command","command":"play","asset":"retry_audio"},{"type":"command","command":"show","asset":"retryDialog"},{"tween":{"to":{"ease":"bounceOut ","duration":1500,"__cdata":{"x":20,"y":20,"w":40,"h":30}},"id":"retryShowAnim"},"type":"animation","asset":"retryDialog"}],"type":"wrong_response"},{"action":[{"type":"command","command":"play","asset":"goodjob_audio"},{"type":"command","command":"show","asset":"goodjobDialog"},{"tween":{"to":{"ease":"bounceOut","duration":1500,"__cdata":{"x":20,"y":20,"w":40,"h":30}},"id":"gjShowAnim"},"type":"animation","asset":"goodjobDialog"}],"type":"correct_response"}]},"image":[{"event":{"action":{"type":"command","command":"transitionTo","asset":"theme","param":"next","effect":"fadein","direction":"left","ease":"linear","duration":500},"type":"click"},"asset":"next","x":93,"y":3,"w":5,"h":8.3,"id":"next","visible":true,"editable":true,"z-index":100},{"event":{"action":{"type":"command","command":"transitionTo","asset":"theme","param":"previous","effect":"fadein","direction":"right","ease":"linear","duration":100},"type":"click"},"asset":"previous","x":2,"y":3,"w":5,"h":8.3,"id":"previous","visible":true,"editable":true,"z-index":100},{"event":{"action":[{"type":"command","command":"eval","asset":"scenef954be31-59e6-4209-b7f7-a13d9772ab32","success":"correct_response","failure":"wrong_response"},{"type":"command","command":"HIDEHTMLELEMENTS","asset":"scenef954be31-59e6-4209-b7f7-a13d9772ab32"}],"type":"click"},"asset":"validate","x":91,"y":15,"h":15}],"text":[],"shape":[],"hotspot":[],"embed":[],"div":[],"audio":[],"scribble":[],"g":[{"embed":{"template":"item","var-item":"item"},"x":10,"y":0,"w":80,"h":90},{"embed":{"template-name":"retry"},"x":30,"y":-40,"w":40,"h":48,"id":"retryDialog","visible":false},{"embed":{"template-name":"goodjob"},"x":30,"y":-40,"w":40,"h":48,"id":"goodjobDialog","visible":false}],"iterate":"assessment_f954be31-59e6-4209-b7f7-a13d9772ab32","preload":true,"var":"item","appEvents":{"list":"next_item,correct_response,wrong_response"}},{"id":"scene794639dc-9e14-49cd-a123-ff9c287e8b75","x":0,"y":0,"w":100,"h":100,"param":[{"name":"next","value":"scened0774303-8ccc-4f7f-94c3-70876cdff646"},{"name":"previous","value":"scenef954be31-59e6-4209-b7f7-a13d9772ab32"}],"events":{"event":[{"action":[{"type":"command","command":"play","asset":"retry_audio"},{"type":"command","command":"show","asset":"retryDialog"},{"tween":{"to":{"ease":"bounceOut ","duration":1500,"__cdata":{"x":20,"y":20,"w":40,"h":30}},"id":"retryShowAnim"},"type":"animation","asset":"retryDialog"}],"type":"wrong_response"},{"action":[{"type":"command","command":"play","asset":"goodjob_audio"},{"type":"command","command":"show","asset":"goodjobDialog"},{"tween":{"to":{"ease":"bounceOut","duration":1500,"__cdata":{"x":20,"y":20,"w":40,"h":30}},"id":"gjShowAnim"},"type":"animation","asset":"goodjobDialog"}],"type":"correct_response"}]},"image":[{"event":{"action":{"type":"command","command":"transitionTo","asset":"theme","param":"next","effect":"fadein","direction":"left","ease":"linear","duration":500},"type":"click"},"asset":"next","x":93,"y":3,"w":5,"h":8.3,"id":"next","visible":true,"editable":true,"z-index":100},{"event":{"action":{"type":"command","command":"transitionTo","asset":"theme","param":"previous","effect":"fadein","direction":"right","ease":"linear","duration":100},"type":"click"},"asset":"previous","x":2,"y":3,"w":5,"h":8.3,"id":"previous","visible":true,"editable":true,"z-index":100},{"event":{"action":[{"type":"command","command":"eval","asset":"scene794639dc-9e14-49cd-a123-ff9c287e8b75","success":"correct_response","failure":"wrong_response"},{"type":"command","command":"HIDEHTMLELEMENTS","asset":"scene794639dc-9e14-49cd-a123-ff9c287e8b75"}],"type":"click"},"asset":"validate","x":91,"y":15,"h":15}],"text":[],"shape":[],"hotspot":[],"embed":[],"div":[],"audio":[],"scribble":[],"g":[{"embed":{"template":"item","var-item":"item"},"x":10,"y":0,"w":80,"h":90},{"embed":{"template-name":"retry"},"x":30,"y":-40,"w":40,"h":48,"id":"retryDialog","visible":false},{"embed":{"template-name":"goodjob"},"x":30,"y":-40,"w":40,"h":48,"id":"goodjobDialog","visible":false}],"iterate":"assessment_794639dc-9e14-49cd-a123-ff9c287e8b75","preload":true,"var":"item","appEvents":{"list":"next_item,correct_response,wrong_response"}},{"id":"scened0774303-8ccc-4f7f-94c3-70876cdff646","x":0,"y":0,"w":100,"h":100,"param":[{"name":"next","value":"sceneb6113d32-9f5f-4452-ba21-77e4acabda33"},{"name":"previous","value":"scene794639dc-9e14-49cd-a123-ff9c287e8b75"}],"events":{"event":[{"action":[{"type":"command","command":"play","asset":"retry_audio"},{"type":"command","command":"show","asset":"retryDialog"},{"tween":{"to":{"ease":"bounceOut ","duration":1500,"__cdata":{"x":20,"y":20,"w":40,"h":30}},"id":"retryShowAnim"},"type":"animation","asset":"retryDialog"}],"type":"wrong_response"},{"action":[{"type":"command","command":"play","asset":"goodjob_audio"},{"type":"command","command":"show","asset":"goodjobDialog"},{"tween":{"to":{"ease":"bounceOut","duration":1500,"__cdata":{"x":20,"y":20,"w":40,"h":30}},"id":"gjShowAnim"},"type":"animation","asset":"goodjobDialog"}],"type":"correct_response"}]},"image":[{"event":{"action":{"type":"command","command":"transitionTo","asset":"theme","param":"next","effect":"fadein","direction":"left","ease":"linear","duration":500},"type":"click"},"asset":"next","x":93,"y":3,"w":5,"h":8.3,"id":"next","visible":true,"editable":true,"z-index":100},{"event":{"action":{"type":"command","command":"transitionTo","asset":"theme","param":"previous","effect":"fadein","direction":"right","ease":"linear","duration":100},"type":"click"},"asset":"previous","x":2,"y":3,"w":5,"h":8.3,"id":"previous","visible":true,"editable":true,"z-index":100},{"event":{"action":[{"type":"command","command":"eval","asset":"scened0774303-8ccc-4f7f-94c3-70876cdff646","success":"correct_response","failure":"wrong_response"},{"type":"command","command":"HIDEHTMLELEMENTS","asset":"scened0774303-8ccc-4f7f-94c3-70876cdff646"}],"type":"click"},"asset":"validate","x":91,"y":15,"h":15}],"text":[],"shape":[],"hotspot":[],"embed":[],"div":[],"audio":[],"scribble":[],"g":[{"embed":{"template":"item","var-item":"item"},"x":10,"y":0,"w":80,"h":90},{"embed":{"template-name":"retry"},"x":30,"y":-40,"w":40,"h":48,"id":"retryDialog","visible":false},{"embed":{"template-name":"goodjob"},"x":30,"y":-40,"w":40,"h":48,"id":"goodjobDialog","visible":false}],"iterate":"assessment_d0774303-8ccc-4f7f-94c3-70876cdff646","preload":true,"var":"item","appEvents":{"list":"next_item,correct_response,wrong_response"}},{"id":"sceneb6113d32-9f5f-4452-ba21-77e4acabda33","x":0,"y":0,"w":100,"h":100,"param":[{"name":"next","value":"scenee6c2c144-dac5-4b8c-a75f-d58e6a24f81e"},{"name":"previous","value":"scened0774303-8ccc-4f7f-94c3-70876cdff646"}],"events":{"event":[{"action":[{"type":"command","command":"play","asset":"retry_audio"},{"type":"command","command":"show","asset":"retryDialog"},{"tween":{"to":{"ease":"bounceOut ","duration":1500,"__cdata":{"x":20,"y":20,"w":40,"h":30}},"id":"retryShowAnim"},"type":"animation","asset":"retryDialog"}],"type":"wrong_response"},{"action":[{"type":"command","command":"play","asset":"goodjob_audio"},{"type":"command","command":"show","asset":"goodjobDialog"},{"tween":{"to":{"ease":"bounceOut","duration":1500,"__cdata":{"x":20,"y":20,"w":40,"h":30}},"id":"gjShowAnim"},"type":"animation","asset":"goodjobDialog"}],"type":"correct_response"}]},"image":[{"event":{"action":{"type":"command","command":"transitionTo","asset":"theme","param":"next","effect":"fadein","direction":"left","ease":"linear","duration":500},"type":"click"},"asset":"next","x":93,"y":3,"w":5,"h":8.3,"id":"next","visible":true,"editable":true,"z-index":100},{"event":{"action":{"type":"command","command":"transitionTo","asset":"theme","param":"previous","effect":"fadein","direction":"right","ease":"linear","duration":100},"type":"click"},"asset":"previous","x":2,"y":3,"w":5,"h":8.3,"id":"previous","visible":true,"editable":true,"z-index":100},{"event":{"action":[{"type":"command","command":"eval","asset":"sceneb6113d32-9f5f-4452-ba21-77e4acabda33","success":"correct_response","failure":"wrong_response"},{"type":"command","command":"HIDEHTMLELEMENTS","asset":"sceneb6113d32-9f5f-4452-ba21-77e4acabda33"}],"type":"click"},"asset":"validate","x":91,"y":15,"h":15}],"text":[],"shape":[],"hotspot":[],"embed":[],"div":[],"audio":[],"scribble":[],"g":[{"embed":{"template":"item","var-item":"item"},"x":10,"y":0,"w":80,"h":90},{"embed":{"template-name":"retry"},"x":30,"y":-40,"w":40,"h":48,"id":"retryDialog","visible":false},{"embed":{"template-name":"goodjob"},"x":30,"y":-40,"w":40,"h":48,"id":"goodjobDialog","visible":false}],"iterate":"assessment_b6113d32-9f5f-4452-ba21-77e4acabda33","preload":true,"var":"item","appEvents":{"list":"next_item,correct_response,wrong_response"}},{"id":"scenee6c2c144-dac5-4b8c-a75f-d58e6a24f81e","x":0,"y":0,"w":100,"h":100,"param":[{"name":"instructions","value":""},{"name":"previous","value":"sceneb6113d32-9f5f-4452-ba21-77e4acabda33"}],"events":{"event":[{"action":[{"type":"command","command":"play","asset":"retry_audio"},{"type":"command","command":"show","asset":"retryDialog"},{"tween":{"to":{"ease":"bounceOut ","duration":1500,"__cdata":{"x":20,"y":20,"w":40,"h":30}},"id":"retryShowAnim"},"type":"animation","asset":"retryDialog"}],"type":"wrong_response"},{"action":[{"type":"command","command":"play","asset":"goodjob_audio"},{"type":"command","command":"show","asset":"goodjobDialog"},{"tween":{"to":{"ease":"bounceOut","duration":1500,"__cdata":{"x":20,"y":20,"w":40,"h":30}},"id":"gjShowAnim"},"type":"animation","asset":"goodjobDialog"}],"type":"correct_response"}]},"image":[{"event":{"action":{"type":"command","command":"transitionTo","asset":"theme","param":"previous","effect":"fadein","direction":"right","ease":"linear","duration":100},"type":"click"},"asset":"previous","x":2,"y":3,"w":5,"h":8.3,"id":"previous","visible":true,"editable":true,"z-index":100},{"event":{"action":[{"type":"command","command":"eval","asset":"scenee6c2c144-dac5-4b8c-a75f-d58e6a24f81e","success":"correct_response","failure":"wrong_response"},{"type":"command","command":"HIDEHTMLELEMENTS","asset":"scenee6c2c144-dac5-4b8c-a75f-d58e6a24f81e"}],"type":"click"},"asset":"validate","x":91,"y":15,"h":15}],"text":[],"shape":[],"hotspot":[],"embed":[],"div":[],"audio":[],"scribble":[],"g":[{"embed":{"template":"item","var-item":"item"},"x":10,"y":0,"w":80,"h":90},{"embed":{"template-name":"retry"},"x":30,"y":-40,"w":40,"h":48,"id":"retryDialog","visible":false},{"embed":{"template-name":"goodjob"},"x":30,"y":-40,"w":40,"h":48,"id":"goodjobDialog","visible":false}],"iterate":"assessment_e6c2c144-dac5-4b8c-a75f-d58e6a24f81e","preload":true,"var":"item","appEvents":{"list":"next_item,correct_response,wrong_response"}}]}}