{
	"identifier": "prices_1",
	"title": "Prices",
	"shuffle":false,
	"showImmediateFeedback": false,
	"total_items": 61, 
	"max_score": 1,
	"subject": "LIT",
	"item_sets": [
		{
			"id": "set_1",
        	"count": 61
		}
	],
	"items": {
		"set_1" :
		[
			{
				"type": "ftb",

				"template_id": "SingleScribblePad",
				"template": "SingleScribblePad", 

				"media": [{
					"id": "", 
					"type": "image", 
					"src": "", 
					"asset_id": ""
				}, 
				{
				    "id": "katogha",
					"type": "audio",
					"src": "sounds/ScribblePad/kaToGha.mp3",
					"asset_id": "katogha"
				}],

				"title": "Question title goes here",
				"question": "क से लेकर घ तक अक्षर लिखें",
				"question_image": "", 
				"question_audio": "katogha", 
				"question_count": "1", 

						
				"model" : {
				 
				},
				
				"max_score": 1,
				"partial_scoring": false,
				"feedback": "",
				"concepts": [
			        {
			          "identifier": "M184",
			          "relation": "associatedTo"
			        }
					
			     ]
			},
			{
				"type": "mcq",

				"template_id": "org.ekstep.mcq.grid.ta", 
				"template": "org.ekstep.mcq.grid.ta", 

				"media": [{
						"id": "elephantImage", 
						"type": "image", 
						"src": "images/Animals/elephant.png", 
						"asset_id": "elephantImage" 
					},
					{
						"id": "lionImage", 
						"type": "image", 
						"src": "images/Animals/lion.png", 
						"asset_id": "lionImage"  
					},
					{
						"id": "catImage", 
						"type": "image", 
						"src": "images/Animals/cat.png", 
						"asset_id": "catImage" 
					}
				],

				"title": "HEADER/QUESTION TEXT GOES HERE",
				"question": "प्रिय अध्यापक, कृपया  किसी एक जानवर को चुनें।  देने  जाने वाले अंक  जानवरों  से जुड़ें हैं। सबसे ज़्यादा  अंक हाथी के लिए हैं  (5), फिर शेर  (3), और अंत में बिल्ली (0)",
				"question_image": "", 
				"question_audio": "marks_5_3_0", 
				"question_count": "2", 

				"options": [
					{
						"value": {"type": "mixed", "image": "catImage", "audio": "friday", "text":"Option1"},
						"answer": true,
						"score": 0
					},
					{
						"value": {"type": "mixed", "image": "lionImage", "audio": "friday", "text":"Option2"},
						"answer": true,
						"score": 3
					},
					{
						"value": {"type": "mixed", "image": "elephantImage", "audio": "friday", "text":"Option3"},
						"answer": true,
						"score": 5
					}
				],

				"model" : {
					
				},
				"keywords": ["array", "of", "strings"]
			},
			{
				"type": "ftb",

				"template_id": "SingleScribblePad",
				"template": "SingleScribblePad", 

				"media": [{
					"id": "", 
					"type": "image", 
					"src": "", 
					"asset_id": ""
				}, 
				{
				    "id": "chatojha",
					"type": "audio",
					"src": "sounds/ScribblePad/chaToJha.wav",
					"asset_id": "chatojha"
				}],

				"title": "Question title goes here",
				"question": "च से लेकर झ तक अक्षर लिखें",
				"question_image": "", 
				"question_audio": "chatojha", 
				"question_count": "1", 

						
				"model" : {
				 
				},
				
				"max_score": 1,
				"partial_scoring": false,
				"feedback": "",
				"concepts": [
			        {
			          "identifier": "M184",
			          "relation": "associatedTo"
			        }
					
			     ]
			},
			{
				"type": "mcq",

				"template_id": "org.ekstep.mcq.grid.ta", 
				"template": "org.ekstep.mcq.grid.ta", 

				"media": [{
						"id": "next", 
						"type": "image", 
						"src": "images/icon_next.png", 
						"asset_id": "next" 
					},
					{
						"id": "previous", 
						"type": "image", 
						"src": "images/icon_previous.png", 
						"asset_id": "previous" 
					},
					{
						"id": "l_audio", 
						"type": "audio", 
						"src": "l.ogg", 
						"asset_id": "l_audio" 
					}
				],

				"title": "HEADER/QUESTION TEXT GOES HERE",
				"question": "प्रिय अध्यापक, कृपया  किसी एक जानवर को चुनें।  देने  जाने वाले अंक  जानवरों  से जुड़ें हैं। सबसे ज़्यादा  अंक हाथी के लिए हैं  (5), फिर शेर  (3), और अंत में बिल्ली (0)",
				"question_image": "popupTint", 
				"question_audio": "marks_5_3_0", 
				"question_count": "2", 

				"options": [
					{
						"value": {"type": "mixed", "image": "catImage", "audio": "friday", "text":"Option1"},
						"answer": true,
						"score": 0
					},
					{
						"value": {"type": "mixed", "image": "lionImage", "audio": "friday", "text":"Option2"},
						"answer": true,
						"score": 3
					},
					{
						"value": {"type": "mixed", "image": "elephantImage", "audio": "friday", "text":"Option3"},
						"answer": true,
						"score": 5
					}
				],

				"model" : {
					
				},
				"keywords": ["array", "of", "strings"]
			},
			{
				"type": "ftb",

				"template_id": "TwoScribblePads",
				"template": "TwoScribblePads", 

				"media": [{
					"id": "", 
					"type": "image", 
					"src": "", 
					"asset_id": ""
				}, 
				{
				    "id": "q1_sound",
					"type": "audio",
					"src": "sounds/human/q1.mp3",
					"asset_id": "q1_sound"
				}],

				"title": "Question title goes here",
				"question": "एक शब्द लिखें जो दिए गए अक्षर से शुरू होता है ",
				"question_image": "", 
				"question_audio": "letterstarting", 
				"question_count": "1", 

						
				"model" : {
				     "text1": "R",
				   "text2": "S"
				
				},
				
				
				
				"answer": {
					"ans1" : {"value" : 888, "score": 1}
				
					
				},
				"max_score": 1,
				"partial_scoring": false,
				"feedback": "",
				"concepts": [
			        {
			          "identifier": "M184",
			          "relation": "associatedTo"
			        }
					
			     ]
			},
			{
				"type": "mcq",

				"template_id": "org.ekstep.mcq.grid.ta", 
				"template": "org.ekstep.mcq.grid.ta", 

				"media": [{
						"id": "next", 
						"type": "image", 
						"src": "images/icon_next.png", 
						"asset_id": "next" 
					},
					{
						"id": "previous", 
						"type": "image", 
						"src": "images/icon_previous.png", 
						"asset_id": "previous" 
					},
					{
						"id": "l_audio", 
						"type": "audio", 
						"src": "l.ogg", 
						"asset_id": "l_audio" 
					}
				],

				"title": "HEADER/QUESTION TEXT GOES HERE",
				"question": "प्रिय अध्यापक, कृपया  किसी एक जानवर को चुनें।  देने  जाने वाले अंक  जानवरों  से जुड़ें हैं। सबसे ज़्यादा  अंक हाथी के लिए हैं  (4), फिर शेर  (2), और अंत में बिल्ली (0)",
				"question_image": "popupTint", 
				"question_audio": "marks_4_2_0", 
				"question_count": "2", 

				"options": [
					{
						"value": {"type": "mixed", "image": "catImage", "audio": "friday", "text":"Option1"},
						"answer": true,
						"score": 0
					},
					{
						"value": {"type": "mixed", "image": "lionImage", "audio": "friday", "text":"Option2"},
						"answer": true,
						"score": 3
					},
					{
						"value": {"type": "mixed", "image": "elephantImage", "audio": "friday", "text":"Option3"},
						"answer": true,
						"score": 5
					}
				],

				"model" : {
					
				},
				"keywords": ["array", "of", "strings"]
			},
			{
				"type": "ftb",

				"template_id": "TwoScribblePads",
				"template": "TwoScribblePads", 

				"media": [{
					"id": "", 
					"type": "image", 
					"src": "", 
					"asset_id": ""
				}, 
				{
				    "id": "q1_sound",
					"type": "audio",
					"src": "sounds/human/q1.mp3",
					"asset_id": "q1_sound"
				}],

				"title": "Question title goes here",
				"question": "एक शब्द लिखें जो दिए गए अक्षर से शुरू होता है ",
				"question_image": "", 
				"question_audio": "letterstarting", 
				"question_count": "1", 

						
				"model" : {
				     "text1": "A",
				   "text2": "T"
				
				},
				
				
				
				"answer": {
					"ans1" : {"value" : 888, "score": 1}
				
					
				},
				"max_score": 1,
				"partial_scoring": false,
				"feedback": "",
				"concepts": [
			        {
			          "identifier": "M184",
			          "relation": "associatedTo"
			        }
					
			     ]
			},
			{
				"type": "mcq",

				"template_id": "org.ekstep.mcq.grid.ta", 
				"template": "org.ekstep.mcq.grid.ta", 

				"media": [{
						"id": "next", 
						"type": "image", 
						"src": "images/icon_next.png", 
						"asset_id": "next" 
					},
					{
						"id": "previous", 
						"type": "image", 
						"src": "images/icon_previous.png", 
						"asset_id": "previous" 
					},
					{
						"id": "l_audio", 
						"type": "audio", 
						"src": "l.ogg", 
						"asset_id": "l_audio" 
					}
				],

				"title": "HEADER/QUESTION TEXT GOES HERE",
				"question": "प्रिय अध्यापक, कृपया  किसी एक जानवर को चुनें।  देने  जाने वाले अंक  जानवरों  से जुड़ें हैं। सबसे ज़्यादा  अंक हाथी के लिए हैं  (4), फिर शेर  (2), और अंत में बिल्ली (0)",
				"question_image": "popupTint", 
				"question_audio": "marks_4_2_0", 
				"question_count": "2", 

				"options": [
					{
						"value": {"type": "mixed", "image": "catImage", "audio": "friday", "text":"Option1"},
						"answer": true,
						"score": 0
					},
					{
						"value": {"type": "mixed", "image": "lionImage", "audio": "friday", "text":"Option2"},
						"answer": true,
						"score": 3
					},
					{
						"value": {"type": "mixed", "image": "elephantImage", "audio": "friday", "text":"Option3"},
						"answer": true,
						"score": 5
					}
				],

				"model" : {
					
				},
				"keywords": ["array", "of", "strings"]
			},
			{
				"type": "ftb",

				"template_id": "TwoScribblePads",
				"template": "TwoScribblePads", 

				"media": [{
					"id": "", 
					"type": "image", 
					"src": "", 
					"asset_id": ""
				}, 
				{
				    "id": "q1_sound",
					"type": "audio",
					"src": "sounds/human/q1.mp3",
					"asset_id": "q1_sound"
				}],

				"title": "Question title goes here",
				"question": "एक शब्द लिखें जो दिए गए अक्षर से शुरू होता है ",
				"question_image": "", 
				"question_audio": "letterstarting", 
				"question_count": "1", 

						
				"model" : {
				     "text1": "O",
				   "text2": "F"
				
				},
				
				
				
				"answer": {
					"ans1" : {"value" : 888, "score": 1}
				
					
				},
				"max_score": 1,
				"partial_scoring": false,
				"feedback": "",
				"concepts": [
			        {
			          "identifier": "M184",
			          "relation": "associatedTo"
			        }
					
			     ]
			},
			{
				"type": "mcq",

				"template_id": "org.ekstep.mcq.grid.ta", 
				"template": "org.ekstep.mcq.grid.ta", 

				"media": [{
						"id": "next", 
						"type": "image", 
						"src": "images/icon_next.png", 
						"asset_id": "next" 
					},
					{
						"id": "previous", 
						"type": "image", 
						"src": "images/icon_previous.png", 
						"asset_id": "previous" 
					},
					{
						"id": "l_audio", 
						"type": "audio", 
						"src": "l.ogg", 
						"asset_id": "l_audio" 
					}
				],

				"title": "HEADER/QUESTION TEXT GOES HERE",
				"question": "प्रिय अध्यापक, कृपया  किसी एक जानवर को चुनें।  देने  जाने वाले अंक  जानवरों  से जुड़ें हैं। सबसे ज़्यादा  अंक हाथी के लिए हैं  (4), फिर शेर  (2), और अंत में बिल्ली (0)",
				"question_image": "popupTint", 
				"question_audio": "marks_4_2_0", 
				"question_count": "2", 

				"options": [
					{
						"value": {"type": "mixed", "image": "catImage", "audio": "friday", "text":"Option1"},
						"answer": true,
						"score": 0
					},
					{
						"value": {"type": "mixed", "image": "lionImage", "audio": "friday", "text":"Option2"},
						"answer": true,
						"score": 3
					},
					{
						"value": {"type": "mixed", "image": "elephantImage", "audio": "friday", "text":"Option3"},
						"answer": true,
						"score": 5
					}
				],

				"model" : {
					
				},
				"keywords": ["array", "of", "strings"]
			},
			{
				"type": "ftb",

				"template_id": "TwoScribblePads",
				"template": "TwoScribblePads", 

				"media": [{
					"id": "", 
					"type": "image", 
					"src": "", 
					"asset_id": ""
				}, 
				{
				    "id": "q1_sound",
					"type": "audio",
					"src": "sounds/human/q1.mp3",
					"asset_id": "q1_sound"
				}],

				"title": "Question title goes here",
				"question": "एक शब्द लिखें जो दिए गए अक्षर से शुरू होता है ",
				"question_image": "", 
				"question_audio": "letterstarting", 
				"question_count": "1", 

						
				"model" : {
				     "text1": "क",
				   "text2": "च "
				
				},
				
				
				"answer": {
					"ans1" : {"value" : 888, "score": 1}
				
					
				},
				"max_score": 1,
				"partial_scoring": false,
				"feedback": "",
				"concepts": [
			        {
			          "identifier": "M184",
			          "relation": "associatedTo"
			        }
					
			     ]
			},
			{
				"type": "mcq",

				"template_id": "org.ekstep.mcq.grid.ta", 
				"template": "org.ekstep.mcq.grid.ta", 

				"media": [{
						"id": "next", 
						"type": "image", 
						"src": "images/icon_next.png", 
						"asset_id": "next" 
					},
					{
						"id": "previous", 
						"type": "image", 
						"src": "images/icon_previous.png", 
						"asset_id": "previous" 
					},
					{
						"id": "l_audio", 
						"type": "audio", 
						"src": "l.ogg", 
						"asset_id": "l_audio" 
					}
				],

				"title": "HEADER/QUESTION TEXT GOES HERE",
				"question": "प्रिय अध्यापक, कृपया  किसी एक जानवर को चुनें।  देने  जाने वाले अंक  जानवरों  से जुड़ें हैं। सबसे ज़्यादा  अंक हाथी के लिए हैं  (4), फिर शेर  (2), और अंत में बिल्ली (0)",
				"question_image": "popupTint", 
				"question_audio": "marks_4_2_0", 
				"question_count": "2", 

				"options": [
					{
						"value": {"type": "mixed", "image": "catImage", "audio": "friday", "text":"Option1"},
						"answer": true,
						"score": 0
					},
					{
						"value": {"type": "mixed", "image": "lionImage", "audio": "friday", "text":"Option2"},
						"answer": true,
						"score": 3
					},
					{
						"value": {"type": "mixed", "image": "elephantImage", "audio": "friday", "text":"Option3"},
						"answer": true,
						"score": 5
					}
				],

				"model" : {
					
				},
				"keywords": ["array", "of", "strings"]
			},
			{
				"type": "ftb",

				"template_id": "TwoScribblePads",
				"template": "TwoScribblePads", 

				"media": [{
					"id": "", 
					"type": "image", 
					"src": "", 
					"asset_id": ""
				}, 
				{
				    "id": "q1_sound",
					"type": "audio",
					"src": "sounds/human/q1.mp3",
					"asset_id": "q1_sound"
				}],

				"title": "Question title goes here",
				"question": "एक शब्द लिखें जो दिए गए अक्षर से शुरू होता है ",
				"question_image": "", 
				"question_audio": "letterstarting", 
				"question_count": "1", 

						
				"model" : {
				     "text1": "स",
				   "text2": "ट"
				
				},
				
				
				
				"answer": {
					"ans1" : {"value" : 888, "score": 1}
				
					
				},
				"max_score": 1,
				"partial_scoring": false,
				"feedback": "",
				"concepts": [
			        {
			          "identifier": "M184",
			          "relation": "associatedTo"
			        }
					
			     ]
			},
			{
				"type": "mcq",

				"template_id": "org.ekstep.mcq.grid.ta", 
				"template": "org.ekstep.mcq.grid.ta", 

				"media": [{
						"id": "next", 
						"type": "image", 
						"src": "images/icon_next.png", 
						"asset_id": "next" 
					},
					{
						"id": "previous", 
						"type": "image", 
						"src": "images/icon_previous.png", 
						"asset_id": "previous" 
					},
					{
						"id": "l_audio", 
						"type": "audio", 
						"src": "l.ogg", 
						"asset_id": "l_audio" 
					}
				],

				"title": "HEADER/QUESTION TEXT GOES HERE",
				"question": "प्रिय अध्यापक, कृपया  किसी एक जानवर को चुनें।  देने  जाने वाले अंक  जानवरों  से जुड़ें हैं। सबसे ज़्यादा  अंक हाथी के लिए हैं  (4), फिर शेर  (2), और अंत में बिल्ली (0)",
				"question_image": "popupTint", 
				"question_audio": "marks_4_2_0", 
				"question_count": "2", 

				"options": [
					{
						"value": {"type": "mixed", "image": "catImage", "audio": "friday", "text":"Option1"},
						"answer": true,
						"score": 0
					},
					{
						"value": {"type": "mixed", "image": "lionImage", "audio": "friday", "text":"Option2"},
						"answer": true,
						"score": 3
					},
					{
						"value": {"type": "mixed", "image": "elephantImage", "audio": "friday", "text":"Option3"},
						"answer": true,
						"score": 5
					}
				],

				"model" : {
					
				},
				"keywords": ["array", "of", "strings"]
			},
			{
				"type": "ftb",

				"template_id": "TwoScribblePads",
				"template": "TwoScribblePads", 

				"media": [{
					"id": "", 
					"type": "image", 
					"src": "", 
					"asset_id": ""
				}, 
				{
				    "id": "q1_sound",
					"type": "audio",
					"src": "sounds/human/q1.mp3",
					"asset_id": "q1_sound"
				}],

				"title": "Question title goes here",
				"question": "एक शब्द लिखें जो दिए गए अक्षर से शुरू होता है ",
				"question_image": "", 
				"question_audio": "letterstarting", 
				"question_count": "1", 

						
				"model" : {
				     "text1": "म",
				   "text2": "ल "
				
				},
				
				
				
				"answer": {
					"ans1" : {"value" : 888, "score": 1}
				
					
				},
				"max_score": 1,
				"partial_scoring": false,
				"feedback": "",
				"concepts": [
			        {
			          "identifier": "M184",
			          "relation": "associatedTo"
			        }
					
			     ]
			},
			{
				"type": "mcq",

				"template_id": "org.ekstep.mcq.grid.ta", 
				"template": "org.ekstep.mcq.grid.ta", 

				"media": [{
						"id": "next", 
						"type": "image", 
						"src": "images/icon_next.png", 
						"asset_id": "next" 
					},
					{
						"id": "previous", 
						"type": "image", 
						"src": "images/icon_previous.png", 
						"asset_id": "previous" 
					},
					{
						"id": "l_audio", 
						"type": "audio", 
						"src": "l.ogg", 
						"asset_id": "l_audio" 
					}
				],

				"title": "HEADER/QUESTION TEXT GOES HERE",
				"question": "प्रिय अध्यापक, कृपया  किसी एक जानवर को चुनें।  देने  जाने वाले अंक  जानवरों  से जुड़ें हैं। सबसे ज़्यादा  अंक हाथी के लिए हैं  (4), फिर शेर  (2), और अंत में बिल्ली (0)",
				"question_image": "popupTint", 
				"question_audio": "marks_4_2_0", 
				"question_count": "2", 

				"options": [
					{
						"value": {"type": "mixed", "image": "catImage", "audio": "friday", "text":"Option1"},
						"answer": true,
						"score": 0
					},
					{
						"value": {"type": "mixed", "image": "lionImage", "audio": "friday", "text":"Option2"},
						"answer": true,
						"score": 3
					},
					{
						"value": {"type": "mixed", "image": "elephantImage", "audio": "friday", "text":"Option3"},
						"answer": true,
						"score": 5
					}
				],

				"model" : {
					
				},
				"keywords": ["array", "of", "strings"]
			},
			{
				"type": "ftb",

				"template_id": "5_Inputs_ftb",
				"template": "5_Inputs_ftb", 

				"media": [{
					"id": "", 
					"type": "image", 
					"src": "", 
					"asset_id": ""
				}, 
				{
				    "id": "q1_sound",
					"type": "audio",
					"src": "sounds/human/q1.mp3",
					"asset_id": "q1_sound"
				}],

				"title": "Question title goes here",
				"question": "2 का पहाड़ा लिखे !",
				"question_image": "", 
				"question_audio": "2kaPahada", 
				"question_count": "1", 

						
				"model" : {
				     "text1": "hindi5",
				   "text2": "hindi6"
				
				},
				
				
				
				"answer": {
					"ans1" : {"value" : 2, "score": 1},
					"ans2" : {"value" : 4, "score": 1},
					"ans3" : {"value" : 6, "score": 1},
					"ans4" : {"value" : 8, "score": 1},
					"ans5" : {"value" : 10, "score": 1}
				
					
				},
				"max_score": 1,
				"partial_scoring": false,
				"feedback": "",
				"concepts": [
			        {
			          "identifier": "M184",
			          "relation": "associatedTo"
			        }
					
			     ]
			},
			{
				"type": "ftb",

				"template_id": "5_Inputs_ftb",
				"template": "5_Inputs_ftb", 

				"media": [{
					"id": "", 
					"type": "image", 
					"src": "", 
					"asset_id": ""
				}, 
				{
				    "id": "q1_sound",
					"type": "audio",
					"src": "sounds/human/q1.mp3",
					"asset_id": "q1_sound"
				}],

				"title": "Question title goes here",
				"question": "3 का पहाड़ा लिखे !",
				"question_image": "", 
				"question_audio": "3kaPahada", 
				"question_count": "1", 

						
				"model" : {
				     "text1": "hindi5",
				   "text2": "hindi6"
				
				},
				
				
				
				"answer": {
					"ans1" : {"value" : 3, "score": 1},
					"ans2" : {"value" : 6, "score": 1},
					"ans3" : {"value" : 9, "score": 1},
					"ans4" : {"value" : 12, "score": 1},
					"ans5" : {"value" : 15, "score": 1}
				
					
				},
				"max_score": 1,
				"partial_scoring": false,
				"feedback": "",
				"concepts": [
			        {
			          "identifier": "M184",
			          "relation": "associatedTo"
			        }
					
			     ]
			},
			{
				"type": "ftb",

				"template_id": "5_Inputs_ftb",
				"template": "5_Inputs_ftb", 

				"media": [{
					"id": "", 
					"type": "image", 
					"src": "", 
					"asset_id": ""
				}, 
				{
				    "id": "q1_sound",
					"type": "audio",
					"src": "sounds/human/q1.mp3",
					"asset_id": "q1_sound"
				}],

				"title": "Question title goes here",
				"question": "4 का पहाड़ा लिखे !",
				"question_image": "", 
				"question_audio": "4kaPahada", 
				"question_count": "1", 

						
				"model" : {
				     "text1": "hindi5",
				   "text2": "hindi6"
				
				},
				
				
				
				"answer": {
					"ans1" : {"value" : 4, "score": 1},
					"ans2" : {"value" : 8, "score": 1},
					"ans3" : {"value" : 12, "score": 1},
					"ans4" : {"value" : 16, "score": 1},
					"ans5" : {"value" : 20, "score": 1}
				
					
				},
				"max_score": 1,
				"partial_scoring": false,
				"feedback": "",
				"concepts": [
			        {
			          "identifier": "M184",
			          "relation": "associatedTo"
			        }
					
			     ]
			},
			{
				"type": "ftb",

				"template_id": "5_Inputs_ftb",
				"template": "5_Inputs_ftb", 

				"media": [{
					"id": "", 
					"type": "image", 
					"src": "", 
					"asset_id": ""
				}, 
				{
				    "id": "q1_sound",
					"type": "audio",
					"src": "sounds/human/q1.mp3",
					"asset_id": "q1_sound"
				}],

				"title": "Question title goes here",
				"question": "5 का पहाड़ा लिखे !",
				"question_image": "", 
				"question_audio": "5kaPahada", 
				"question_count": "1", 

						
				"model" : {
				     "text1": "hindi5",
				   "text2": "hindi6"
				
				},
				
				
				
				"answer": {
					"ans1" : {"value" : 5, "score": 1},
					"ans2" : {"value" : 10, "score": 1},
					"ans3" : {"value" : 15, "score": 1},
					"ans4" : {"value" : 20, "score": 1},
					"ans5" : {"value" : 25, "score": 1}
				
					
				},
				"max_score": 1,
				"partial_scoring": false,
				"feedback": "",
				"concepts": [
			        {
			          "identifier": "M184",
			          "relation": "associatedTo"
			        }
					
			     ]
			},
			{
				"type": "ftb",

				"template_id": "5_Inputs_ftb",
				"template": "5_Inputs_ftb", 

				"media": [{
					"id": "", 
					"type": "image", 
					"src": "", 
					"asset_id": ""
				}, 
				{
				    "id": "q1_sound",
					"type": "audio",
					"src": "sounds/human/q1.mp3",
					"asset_id": "q1_sound"
				}],

				"title": "Question title goes here",
				"question": "6 का पहाड़ा लिखे !",
				"question_image": "", 
				"question_audio": "6kaPahada", 
				"question_count": "1", 

						
				"model" : {
				     "text1": "hindi5",
				   "text2": "hindi6"
				
				},
				
				
				
				"answer": {
					"ans1" : {"value" : 6, "score": 1},
					"ans2" : {"value" : 12, "score": 1},
					"ans3" : {"value" : 18, "score": 1},
					"ans4" : {"value" : 24, "score": 1},
					"ans5" : {"value" : 30, "score": 1}
				
					
				},
				"max_score": 1,
				"partial_scoring": false,
				"feedback": "",
				"concepts": [
			        {
			          "identifier": "M184",
			          "relation": "associatedTo"
			        }
					
			     ]
			},
			{
				"type": "ftb",

				"template_id": "5_Inputs_ftb",
				"template": "5_Inputs_ftb", 

				"media": [{
					"id": "", 
					"type": "image", 
					"src": "", 
					"asset_id": ""
				}, 
				{
				    "id": "q1_sound",
					"type": "audio",
					"src": "sounds/human/q1.mp3",
					"asset_id": "q1_sound"
				}],

				"title": "Question title goes here",
				"question": "7 का पहाड़ा लिखे !",
				"question_image": "", 
				"question_audio": "7kaPahada", 
				"question_count": "1", 

						
				"model" : {
				     "text1": "hindi5",
				   "text2": "hindi6"
				
				},
				
				
				
				"answer": {
					"ans1" : {"value" : 7, "score": 1},
					"ans2" : {"value" : 14, "score": 1},
					"ans3" : {"value" : 21, "score": 1},
					"ans4" : {"value" : 28, "score": 1},
					"ans5" : {"value" : 35, "score": 1}
				
					
				},
				"max_score": 1,
				"partial_scoring": false,
				"feedback": "",
				"concepts": [
			        {
			          "identifier": "M184",
			          "relation": "associatedTo"
			        }
					
			     ]
			},
			{
				"type": "ftb",

				"template_id": "5_Inputs_ftb",
				"template": "5_Inputs_ftb", 

				"media": [{
					"id": "", 
					"type": "image", 
					"src": "", 
					"asset_id": ""
				}, 
				{
				    "id": "q1_sound",
					"type": "audio",
					"src": "sounds/human/q1.mp3",
					"asset_id": "q1_sound"
				}],

				"title": "Question title goes here",
				"question": "8 का पहाड़ा लिखे !",
				"question_image": "", 
				"question_audio": "8kaPahada", 
				"question_count": "1", 

						
				"model" : {
				     "text1": "hindi5",
				   "text2": "hindi6"
				
				},
				
				
				
				"answer": {
					"ans1" : {"value" : 8, "score": 1},
					"ans2" : {"value" : 16, "score": 1},
					"ans3" : {"value" : 24, "score": 1},
					"ans4" : {"value" : 32, "score": 1},
					"ans5" : {"value" : 40, "score": 1}
				
					
				},
				"max_score": 1,
				"partial_scoring": false,
				"feedback": "",
				"concepts": [
			        {
			          "identifier": "M184",
			          "relation": "associatedTo"
			        }
					
			     ]
			},
			{
				"type": "ftb",

				"template_id": "5_Inputs_ftb",
				"template": "5_Inputs_ftb", 

				"media": [{
					"id": "", 
					"type": "image", 
					"src": "", 
					"asset_id": ""
				}, 
				{
				    "id": "q1_sound",
					"type": "audio",
					"src": "sounds/human/q1.mp3",
					"asset_id": "q1_sound"
				}],

				"title": "Question title goes here",
				"question": "9 का पहाड़ा लिखे !",
				"question_image": "", 
				"question_audio": "9kaPahada", 
				"question_count": "1", 

						
				"model" : {
				     "text1": "hindi5",
				   "text2": "hindi6"
				
				},
				
				
				
				"answer": {
					"ans1" : {"value" : 9, "score": 1},
					"ans2" : {"value" : 18, "score": 1},
					"ans3" : {"value" : 27, "score": 1},
					"ans4" : {"value" : 36, "score": 1},
					"ans5" : {"value" : 45, "score": 1}
				
					
				},
				"max_score": 1,
				"partial_scoring": false,
				"feedback": "",
				"concepts": [
			        {
			          "identifier": "M184",
			          "relation": "associatedTo"
			        }
					
			     ]
			},
			{
				"type": "ftb",

				"template_id": "5_Inputs_ftb",
				"template": "5_Inputs_ftb", 

				"media": [{
					"id": "", 
					"type": "image", 
					"src": "", 
					"asset_id": ""
				}, 
				{
				    "id": "q1_sound",
					"type": "audio",
					"src": "sounds/human/q1.mp3",
					"asset_id": "q1_sound"
				}],

				"title": "Question title goes here",
				"question": "10 का पहाड़ा लिखे !",
				"question_image": "", 
				"question_audio": "10kaPahada", 
				"question_count": "1", 

						
				"model" : {
				     "text1": "hindi5",
				   "text2": "hindi6"
				
				},
				
				
				
				"answer": {
					"ans1" : {"value" : 10, "score": 1},
					"ans2" : {"value" : 20, "score": 1},
					"ans3" : {"value" : 30, "score": 1},
					"ans4" : {"value" : 40, "score": 1},
					"ans5" : {"value" : 50, "score": 1}
				
					
				},
				"max_score": 1,
				"partial_scoring": false,
				"feedback": "",
				"concepts": [
			        {
			          "identifier": "M184",
			          "relation": "associatedTo"
			        }
					
			     ]
			},
			{
				"type": "mcq",

				"template_id": "org.ekstep.mcq.i.ta",
				"template": "org.ekstep.mcq.i.ta", 

				"media": [{
					"id": "que1", 
					"type": "image", 
					"src": "images/objects/que1.png", 
					"asset_id": "que1"
				}, 
				{
					"id": "q1_sound",
					"type": "audio",
					"src": "sounds/human/q1.mp3",
					"asset_id": "q1_sound"
				},
				{
					"id": "catImage",
					"type": "image",
					"src": "images/Animals/cat.png",
					"asset_id": "catImage"
				}],

				"title": "Question title goes here",
				"question": "जो अक्षर CAT में है वो चुने",
				"question_image": "catImage", 
				"question_audio": "findInCat", 
				"question_count": "1", 

				"options": [
					{
						"value": {"type": "mixed", "image": "", "audio": "q1_sound", "text":"C"},
						"answer": true
					},
					{
						"value": {"type": "mixed", "image": "", "audio": "q1_sound", "text":"D"}
					}
				],

				"model" : {
				},

				"keywords": ["array", "of", "strings"]
			},
			{
				"type": "mcq",

				"template_id": "org.ekstep.mcq.i.ta",
				"template": "org.ekstep.mcq.i.ta", 

				"media": [{
					"id": "que1", 
					"type": "image", 
					"src": "images/objects/que1.png", 
					"asset_id": "que1"
				}, 
				{
					"id": "q1_sound",
					"type": "audio",
					"src": "sounds/human/q1.mp3",
					"asset_id": "q1_sound"
				},
				{
					"id": "dogImage",
					"type": "image",
					"src": "images/Animals/dog.png",
					"asset_id": "dogImage"
				}],

				"title": "Question title goes here",
				"question": "जो अक्षर DOG में है वो चुने",
				"question_image": "dogImage", 
				"question_audio": "findInDog", 
				"question_count": "1", 

				"options": [
					{
						"value": {"type": "mixed", "image": "", "audio": "q1_sound", "text":"C"}
					},
					{
						"value": {"type": "mixed", "image": "", "audio": "q1_sound", "text":"D"},
						"answer": true
					}
				],

				"model" : {
				},

				"keywords": ["array", "of", "strings"]
			},
			{
				"type": "mcq",

				"template_id": "org.ekstep.mcq.i.ta",
				"template": "org.ekstep.mcq.i.ta", 

				"media": [{
					"id": "que1", 
					"type": "image", 
					"src": "images/objects/que1.png", 
					"asset_id": "que1"
				}, 
				{
					"id": "q1_sound",
					"type": "audio",
					"src": "sounds/human/q1.mp3",
					"asset_id": "q1_sound"
				},
				{
					"id": "elephantImage",
					"type": "image",
					"src": "images/Animals/elephant.png",
					"asset_id": "elephantImage"
				}],

				"title": "Question title goes here",
				"question": "जो अक्षर ELEPHANT में है वो चुने",
				"question_image": "elephantImage", 
				"question_audio": "findInElephant", 
				"question_count": "1", 

				"options": [
					{
						"value": {"type": "mixed", "image": "", "audio": "q1_sound", "text":"E"},
						"answer": true
					},
					{
						"value": {"type": "mixed", "image": "", "audio": "q1_sound", "text":"D"}
					}
				],

				"model" : {
				},

				"keywords": ["array", "of", "strings"]
			},
			{
				"type": "mcq",

				"template_id": "org.ekstep.mcq.i.ta",
				"template": "org.ekstep.mcq.i.ta", 

				"media": [{
					"id": "que1", 
					"type": "image", 
					"src": "images/objects/que1.png", 
					"asset_id": "que1"
				}, 
				{
					"id": "q1_sound",
					"type": "audio",
					"src": "sounds/human/q1.mp3",
					"asset_id": "q1_sound"
				},
				{
					"id": "bearImage",
					"type": "image",
					"src": "images/Animals/bear.png",
					"asset_id": "bearImage"
				}],

				"title": "Question title goes here",
				"question": "जो अक्षर BEAR में है वो चुने",
				"question_image": "bearImage", 
				"question_audio": "findInBear", 
				"question_count": "1", 

				"options": [
					{
						"value": {"type": "mixed", "image": "", "audio": "q1_sound", "text":"B"},
						"answer": true
					},
					{
						"value": {"type": "mixed", "image": "", "audio": "q1_sound", "text":"C"}
					}
				],

				"model" : {
				},

				"keywords": ["array", "of", "strings"]
			},
			{
				"type": "mcq",

				"template_id": "org.ekstep.mcq.i.ta",
				"template": "org.ekstep.mcq.i.ta", 

				"media": [{
					"id": "que1", 
					"type": "image", 
					"src": "images/objects/que1.png", 
					"asset_id": "que1"
				}, 
				{
					"id": "q1_sound",
					"type": "audio",
					"src": "sounds/human/q1.mp3",
					"asset_id": "q1_sound"
				},
				{
					"id": "deerImage",
					"type": "image",
					"src": "images/Animals/deer.png",
					"asset_id": "deerImage"
				}],

				"title": "Question title goes here",
				"question": "जो अक्षर DEER में है वो चुने",
				"question_image": "deerImage", 
				"question_audio": "findInDeer", 
				"question_count": "1", 

				"options": [
					{
						"value": {"type": "mixed", "image": "", "audio": "q1_sound", "text":"J"}
					},
					{
						"value": {"type": "mixed", "image": "", "audio": "q1_sound", "text":"D"},
						"answer": true
					}
				],

				"model" : {
				},

				"keywords": ["array", "of", "strings"]
			},
			{
				"type": "mcq",

				"template_id": "org.ekstep.mcq.i.ta",
				"template": "org.ekstep.mcq.i.ta", 

				"media": [{
					"id": "que1", 
					"type": "image", 
					"src": "images/objects/que1.png", 
					"asset_id": "que1"
				}, 
				{
					"id": "q1_sound",
					"type": "audio",
					"src": "sounds/human/q1.mp3",
					"asset_id": "q1_sound"
				},
				{
					"id": "foxImage",
					"type": "image",
					"src": "images/Animals/fox.png",
					"asset_id": "foxImage"
				}],

				"title": "Question title goes here",
				"question": "जो अक्षर FOX में है वो चुने",
				"question_image": "foxImage", 
				"question_audio": "findInFox", 
				"question_count": "1", 

				"options": [
					{
						"value": {"type": "mixed", "image": "", "audio": "q1_sound", "text":"F"},
						"answer": true
					},
					{
						"value": {"type": "mixed", "image": "", "audio": "q1_sound", "text":"P"}
					}
				],

				"model" : {
				},

				"keywords": ["array", "of", "strings"]
			},
			{
				"type": "mcq",

				"template_id": "org.ekstep.mcq.i.ta",
				"template": "org.ekstep.mcq.i.ta", 

				"media": [{
					"id": "que1", 
					"type": "image", 
					"src": "images/objects/que1.png", 
					"asset_id": "que1"
				}, 
				{
					"id": "q1_sound",
					"type": "audio",
					"src": "sounds/human/q1.mp3",
					"asset_id": "q1_sound"
				},
				{
					"id": "horseImage",
					"type": "image",
					"src": "images/Animals/horse.png",
					"asset_id": "horseImage"
				}],

				"title": "Question title goes here",
				"question": "जो अक्षर घोड़ा में है वो चुने",
				"question_image": "horseImage", 
				"question_audio": "findInHorse", 
				"question_count": "1", 

				"options": [
					{
						"value": {"type": "mixed", "image": "", "audio": "q1_sound", "text":"घो"},
						"answer": true
					},
					{
						"value": {"type": "mixed", "image": "", "audio": "q1_sound", "text":"र"}
					}
				],

				"model" : {
				},

				"keywords": ["array", "of", "strings"]
			},
			{
				"type": "mcq",

				"template_id": "org.ekstep.mcq.i.ta",
				"template": "org.ekstep.mcq.i.ta", 

				"media": [{
					"id": "que1", 
					"type": "image", 
					"src": "images/objects/que1.png", 
					"asset_id": "que1"
				}, 
				{
					"id": "q1_sound",
					"type": "audio",
					"src": "sounds/human/q1.mp3",
					"asset_id": "q1_sound"
				},
				{
					"id": "lionImage",
					"type": "image",
					"src": "images/Animals/lion.png",
					"asset_id": "lionImage"
				}],

				"title": "Question title goes here",
				"question": "जो अक्षर शेर में है वो चुने",
				"question_image": "lionImage", 
				"question_audio": "findInLion", 
				"question_count": "1", 

				"options": [
					{
						"value": {"type": "mixed", "image": "", "audio": "q1_sound", "text":"स"}
					},
					{
						"value": {"type": "mixed", "image": "", "audio": "q1_sound", "text":"शे"},
						"answer": true
					}
				],

				"model" : {
				},

				"keywords": ["array", "of", "strings"]
			},
			{
				"type": "mcq",

				"template_id": "org.ekstep.mcq.i.ta",
				"template": "org.ekstep.mcq.i.ta", 

				"media": [{
					"id": "que1", 
					"type": "image", 
					"src": "images/objects/que1.png", 
					"asset_id": "que1"
				}, 
				{
					"id": "q1_sound",
					"type": "audio",
					"src": "sounds/human/q1.mp3",
					"asset_id": "q1_sound"
				},
				{
					"id": "ratImage",
					"type": "image",
					"src": "images/Animals/rat.png",
					"asset_id": "ratImage"
				}],

				"title": "Question title goes here",
				"question": "जो अक्षर चूहा में है वो चुने",
				"question_image": "ratImage", 
				"question_audio": "findInRat", 
				"question_count": "1", 

				"options": [
					{
						"value": {"type": "mixed", "image": "", "audio": "q1_sound", "text":"चू"},
						"answer": true
					},
					{
						"value": {"type": "mixed", "image": "", "audio": "q1_sound", "text":"सू"}
					}
				],

				"model" : {
				},

				"keywords": ["array", "of", "strings"]
			},
			{
				"type": "mcq",

				"template_id": "org.ekstep.mcq.i.ta",
				"template": "org.ekstep.mcq.i.ta", 

				"media": [{
					"id": "que1", 
					"type": "image", 
					"src": "images/objects/que1.png", 
					"asset_id": "que1"
				}, 
				{
					"id": "q1_sound",
					"type": "audio",
					"src": "sounds/human/q1.mp3",
					"asset_id": "q1_sound"
				},
				{
					"id": "rabbitImage",
					"type": "image",
					"src": "images/Animals/rabbit.png",
					"asset_id": "bearImage"
				}],

				"title": "Question title goes here",
				"question": "जो अक्षर खरगोश में है वो चुने",
				"question_image": "rabbitImage", 
				"question_audio": "findInRabbit", 
				"question_count": "1", 

				"options": [
					{
						"value": {"type": "mixed", "image": "", "audio": "q1_sound", "text":"ख"},
						"answer": true
					},
					{
						"value": {"type": "mixed", "image": "", "audio": "q1_sound", "text":"रो"}
					}
				],

				"model" : {
				},

				"keywords": ["array", "of", "strings"]
			},
			{
				"type": "mcq",

				"template_id": "org.ekstep.mcq.i.ta",
				"template": "org.ekstep.mcq.i.ta", 

				"media": [{
					"id": "que1", 
					"type": "image", 
					"src": "images/objects/que1.png", 
					"asset_id": "que1"
				}, 
				{
					"id": "q1_sound",
					"type": "audio",
					"src": "sounds/human/q1.mp3",
					"asset_id": "q1_sound"
				},
				{
					"id": "tigerImage",
					"type": "image",
					"src": "images/Animals/tiger.png",
					"asset_id": "tigerImage"
				}],

				"title": "Question title goes here",
				"question": "जो अक्षर बाघ में है वो चुने",
				"question_image": "tigerImage", 
				"question_audio": "findInTiger", 
				"question_count": "1", 

				"options": [
					{
						"value": {"type": "mixed", "image": "", "audio": "q1_sound", "text":"ग"}
					},
					{
						"value": {"type": "mixed", "image": "", "audio": "q1_sound", "text":"बा"},
						"answer": true
					}
				],

				"model" : {
				},

				"keywords": ["array", "of", "strings"]
			},
			{
				"type": "mcq",

				"template_id": "org.ekstep.mcq.i.ta",
				"template": "org.ekstep.mcq.i.ta", 

				"media": [{
					"id": "que1", 
					"type": "image", 
					"src": "images/objects/que1.png", 
					"asset_id": "que1"
				}, 
				{
					"id": "q1_sound",
					"type": "audio",
					"src": "sounds/human/q1.mp3",
					"asset_id": "q1_sound"
				},
				{
					"id": "squirrelImage",
					"type": "image",
					"src": "images/Animals/squirrel.png",
					"asset_id": "squirrelImage"
				}],

				"title": "Question title goes here",
				"question": "जो अक्षर गिलहरी में है वो चुने",
				"question_image": "squirrelImage", 
				"question_audio": "findInSquirrel", 
				"question_count": "1", 

				"options": [
					{
						"value": {"type": "mixed", "image": "", "audio": "q1_sound", "text":"गि"},
						"answer": true
					},
					{
						"value": {"type": "mixed", "image": "", "audio": "q1_sound", "text":"ग"}
					}
				],

				"model" : {
				},

				"keywords": ["array", "of", "strings"]
			},
			{
				"type": "mcq",

				"template_id": "org.ekstep.mcq.ta",
				"template": "org.ekstep.mcq.ta", 

				"media": [{
					"id": "que1", 
					"type": "image", 
					"src": "images/objects/que1.png", 
					"asset_id": "que1"
				}, 
				{
					"id": "q1_sound",
					"type": "audio",
					"src": "sounds/human/q1.mp3",
					"asset_id": "q1_sound"
				},
				{
					"id": "catimage",
					"type": "image",
					"src": "images/cat.png",
					"asset_id": "catImage"
				}],

				"title": "Question title goes here",
				"question": "जो  बड़ा  है उसे चुनें",
				"question_image": "", 
				"question_audio": "selectTheGreater", 
				"question_count": "1", 

				"options": [
					{
						"value": {"type": "mixed", "image": "", "audio": "q1_sound", "text":"24"},
						"answer": true
					},
					{
						"value": {"type": "mixed", "image": "", "audio": "q1_sound", "text":"21"}
					}
				],

				"model" : {
				},

				"keywords": ["array", "of", "strings"]
			},
			{
				"type": "mcq",

				"template_id": "org.ekstep.mcq.ta",
				"template": "org.ekstep.mcq.ta", 

				"media": [{
					"id": "que1", 
					"type": "image", 
					"src": "images/objects/que1.png", 
					"asset_id": "que1"
				}, 
				{
					"id": "q1_sound",
					"type": "audio",
					"src": "sounds/human/q1.mp3",
					"asset_id": "q1_sound"
				},
				{
					"id": "catimage",
					"type": "image",
					"src": "images/cat.png",
					"asset_id": "catImage"
				}],

				"title": "Question title goes here",
				"question": "जो  बड़ा  है उसे चुनें",
				"question_image": "", 
				"question_audio": "selectTheGreater", 
				"question_count": "1", 

				"options": [
					{
						"value": {"type": "mixed", "image": "", "audio": "q1_sound", "text":"69"}
					},
					{
						"value": {"type": "mixed", "image": "", "audio": "q1_sound", "text":"79"},
						"answer": true
					}
				],

				"model" : {
				},

				"keywords": ["array", "of", "strings"]
			},
			{
				"type": "mcq",

				"template_id": "org.ekstep.mcq.ta",
				"template": "org.ekstep.mcq.ta", 

				"media": [{
					"id": "que1", 
					"type": "image", 
					"src": "images/objects/que1.png", 
					"asset_id": "que1"
				}, 
				{
					"id": "q1_sound",
					"type": "audio",
					"src": "sounds/human/q1.mp3",
					"asset_id": "q1_sound"
				},
				{
					"id": "catimage",
					"type": "image",
					"src": "images/cat.png",
					"asset_id": "catImage"
				}],

				"title": "Question title goes here",
				"question": "जो  बड़ा  है उसे चुनें",
				"question_image": "", 
				"question_audio": "selectTheGreater", 
				"question_count": "1", 

				"options": [
					{
						"value": {"type": "mixed", "image": "", "audio": "q1_sound", "text":"73"}
					},
					{
						"value": {"type": "mixed", "image": "", "audio": "q1_sound", "text":"75"},
						"answer": true
					}
				],

				"model" : {
				},

				"keywords": ["array", "of", "strings"]
			},
			{
				"type": "mcq",

				"template_id": "org.ekstep.mcq.ta",
				"template": "org.ekstep.mcq.ta", 

				"media": [{
					"id": "que1", 
					"type": "image", 
					"src": "images/objects/que1.png", 
					"asset_id": "que1"
				}, 
				{
					"id": "q1_sound",
					"type": "audio",
					"src": "sounds/human/q1.mp3",
					"asset_id": "q1_sound"
				},
				{
					"id": "catimage",
					"type": "image",
					"src": "images/cat.png",
					"asset_id": "catImage"
				}],

				"title": "Question title goes here",
				"question": "जो  बड़ा  है उसे चुनें",
				"question_image": "", 
				"question_audio": "selectTheGreater", 
				"question_count": "1", 

				"options": [
					{
						"value": {"type": "mixed", "image": "", "audio": "q1_sound", "text":"38"}
					},
					{
						"value": {"type": "mixed", "image": "", "audio": "q1_sound", "text":"55"},
						"answer": true
					}
				],

				"model" : {
				},

				"keywords": ["array", "of", "strings"]
			},
			{
				"type": "ftb",

				"template_id": "org.ekstep.ftb.text.input1_1",
				"template": "org.ekstep.ftb.text.input1_1", 

				"media": [{
					"id": "", 
					"type": "image", 
					"src": "", 
					"asset_id": ""
				}, 
				{
				    "id": "q1_sound",
					"type": "audio",
					"src": "sounds/human/q1.mp3",
					"asset_id": "q1_sound"
				}],

				"title": "निम्नलिखित को जोडें ",
				"question": "5 + 7 = ",
				"question_image": "", 
				"question_audio": "addTheFollowing", 
				"question_count": "1", 

						
				"model" : {
				   "title_audio": {"type": "audio", "asset": "q1_sound"}
				
				},
				
				
				
				"answer": {
					"ans1" : {"value" : 12, "score": 1}
				
					
				},
				"max_score": 1,
				"partial_scoring": false,
				"feedback": "",
				"concepts": [
			        {
			          "identifier": "M184",
			          "relation": "associatedTo"
			        }
					
			     ]
			},
			{
				"type": "ftb",

				"template_id": "org.ekstep.ftb.text.input1_1",
				"template": "org.ekstep.ftb.text.input1_1", 

				"media": [{
					"id": "", 
					"type": "image", 
					"src": "", 
					"asset_id": ""
				}, 
				{
				    "id": "q1_sound",
					"type": "audio",
					"src": "sounds/human/q1.mp3",
					"asset_id": "q1_sound"
				}],

				"title": "निम्नलिखित को जोडें ",
				"question": "6 + 7 = ",
				"question_image": "", 
				"question_audio": "addTheFollowing", 
				"question_count": "1", 

						
				"model" : {
				   "title_audio": {"type": "audio", "asset": "q1_sound"}
				
				},
				
				
				
				"answer": {
					"ans1" : {"value" : 13, "score": 1}
				
					
				},
				"max_score": 1,
				"partial_scoring": false,
				"feedback": "",
				"concepts": [
			        {
			          "identifier": "M184",
			          "relation": "associatedTo"
			        }
					
			     ]
			},
			{
				"type": "ftb",

				"template_id": "org.ekstep.ftb.text.input1_1",
				"template": "org.ekstep.ftb.text.input1_1", 

				"media": [{
					"id": "", 
					"type": "image", 
					"src": "", 
					"asset_id": ""
				}, 
				{
				    "id": "q1_sound",
					"type": "audio",
					"src": "sounds/human/q1.mp3",
					"asset_id": "q1_sound"
				}],

				"title": "निम्नलिखित को जोडें ",
				"question": "4 + 8 = ",
				"question_image": "", 
				"question_audio": "addTheFollowing", 
				"question_count": "1", 

						
				"model" : {
				   "title_audio": {"type": "audio", "asset": "q1_sound"}
				
				},
				
				
				
				"answer": {
					"ans1" : {"value" : 12, "score": 1}
				
					
				},
				"max_score": 1,
				"partial_scoring": false,
				"feedback": "",
				"concepts": [
			        {
			          "identifier": "M184",
			          "relation": "associatedTo"
			        }
					
			     ]
			},
			{
				"type": "ftb",

				"template_id": "org.ekstep.ftb.text.input1_1",
				"template": "org.ekstep.ftb.text.input1_1", 

				"media": [{
					"id": "", 
					"type": "image", 
					"src": "", 
					"asset_id": ""
				}, 
				{
				    "id": "q1_sound",
					"type": "audio",
					"src": "sounds/human/q1.mp3",
					"asset_id": "q1_sound"
				}],

				"title": "निम्नलिखित को जोडें ",
				"question": "2 + 3 = ",
				"question_image": "", 
				"question_audio": "addTheFollowing", 
				"question_count": "1", 

						
				"model" : {
				   "title_audio": {"type": "audio", "asset": "q1_sound"}
				
				},
				
				
				
				"answer": {
					"ans1" : {"value" : 5, "score": 1}
				
					
				},
				"max_score": 1,
				"partial_scoring": false,
				"feedback": "",
				"concepts": [
			        {
			          "identifier": "M184",
			          "relation": "associatedTo"
			        }
					
			     ]
			},
			{
				"type": "ftb",

				"template_id": "org.ekstep.ftb.text.input1_1",
				"template": "org.ekstep.ftb.text.input1_1", 

				"media": [{
					"id": "", 
					"type": "image", 
					"src": "", 
					"asset_id": ""
				}, 
				{
				    "id": "q1_sound",
					"type": "audio",
					"src": "sounds/human/q1.mp3",
					"asset_id": "q1_sound"
				}],

				"title": "निम्नलिखित को जोडें ",
				"question": "9 + 9 = ",
				"question_image": "", 
				"question_audio": "addTheFollowing", 
				"question_count": "1", 

						
				"model" : {
				   "title_audio": {"type": "audio", "asset": "q1_sound"}
				
				},
				
				
				
				"answer": {
					"ans1" : {"value" : 18, "score": 1}
				
					
				},
				"max_score": 1,
				"partial_scoring": false,
				"feedback": "",
				"concepts": [
			        {
			          "identifier": "M184",
			          "relation": "associatedTo"
			        }
					
			     ]
			},
			{
				"type": "ftb",

				"template_id": "org.ekstep.ftb.text.input1_1",
				"template": "org.ekstep.ftb.text.input1_1", 

				"media": [{
					"id": "", 
					"type": "image", 
					"src": "", 
					"asset_id": ""
				}, 
				{
				    "id": "q1_sound",
					"type": "audio",
					"src": "sounds/human/q1.mp3",
					"asset_id": "q1_sound"
				}],

				"title": "निम्नलिखित को जोडें ",
				"question": "4 + 2 = ",
				"question_image": "", 
				"question_audio": "addTheFollowing", 
				"question_count": "1", 

						
				"model" : {
				   "title_audio": {"type": "audio", "asset": "q1_sound"}
				
				},
				
				
				
				"answer": {
					"ans1" : {"value" : 6, "score": 1}
				
					
				},
				"max_score": 1,
				"partial_scoring": false,
				"feedback": "",
				"concepts": [
			        {
			          "identifier": "M184",
			          "relation": "associatedTo"
			        }
					
			     ]
			},
			{
				"type": "ftb",

				"template_id": "org.ekstep.ftb.text.input2_1",
				"template": "org.ekstep.ftb.text.input2_1", 

				"media": [{
					"id": "", 
					"type": "image", 
					"src": "", 
					"asset_id": ""
				}, 
				{
				    "id": "q1_sound",
					"type": "audio",
					"src": "sounds/human/q1.mp3",
					"asset_id": "q1_sound"
				}],

				"title": "",
				"question": "सप्ताह के इन दिनों को अंग्रेज़ी में लिखें",
				"question_image": "", 
				"question_audio": "weekday_MonWed", 
				"question_count": "1", 

						
				"model" : {
				   "text1": "सोमवार",
				   "text2": "बुधवार",
				   "keys":"A,B,C,D,E,F,G,H,I,J,K,L,M,N,O,P,Q,R,S,T,U,V,W,X,Y,Z"
				 				
				},
				
				
				
				"answer": {
					"ans1" : {"value" : "Monday", "score": 1},
					"ans2" : {"value" : "Wednesday", "score": 1}
				
					
				},
				"max_score": 1,
				"partial_scoring": false,
				"feedback": "",
				"concepts": [
			        {
			          "identifier": "M184",
			          "relation": "associatedTo"
			        }
					
			     ]
			},
			{
				"type": "ftb",

				"template_id": "org.ekstep.ftb.text.input2_1",
				"template": "org.ekstep.ftb.text.input2_1", 

				"media": [{
					"id": "", 
					"type": "image", 
					"src": "", 
					"asset_id": ""
				}, 
				{
				    "id": "q1_sound",
					"type": "audio",
					"src": "sounds/human/q1.mp3",
					"asset_id": "q1_sound"
				}],

				"title": "",
				"question": "सप्ताह के इन दिनों को अंग्रेज़ी में लिखें",
				"question_image": "", 
				"question_audio": "weekday_WedFri", 
				"question_count": "1", 

						
				"model" : {
				   "text1": "बुधवार",
				   "text2": "शुक्रवार",
				   "keys":"A,B,C,D,E,F,G,H,I,J,K,L,M,N,O,P,Q,R,S,T,U,V,W,X,Y,Z"
				 				
				},
				
				
				
				"answer": {
					"ans1" : {"value" : "Wednesday", "score": 1},
					"ans2" : {"value" : "Friday", "score": 1}
				
					
				},
				"max_score": 1,
				"partial_scoring": false,
				"feedback": "",
				"concepts": [
			        {
			          "identifier": "M184",
			          "relation": "associatedTo"
			        }
					
			     ]
			},
			{
				"type": "ftb",

				"template_id": "org.ekstep.ftb.text.input2_1",
				"template": "org.ekstep.ftb.text.input2_1", 

				"media": [{
					"id": "", 
					"type": "image", 
					"src": "", 
					"asset_id": ""
				}, 
				{
				    "id": "q1_sound",
					"type": "audio",
					"src": "sounds/human/q1.mp3",
					"asset_id": "q1_sound"
				}],

				"title": "",
				"question": "सप्ताह के इन दिनों को अंग्रेज़ी में लिखें",
				"question_image": "", 
				"question_audio": "weekday_SunTues", 
				"question_count": "1", 

						
				"model" : {
				   "text1": "रविवार",
				   "text2": "मंगलवार",
				   "keys":"A,B,C,D,E,F,G,H,I,J,K,L,M,N,O,P,Q,R,S,T,U,V,W,X,Y,Z"
				 				
				},
				
				
				
				"answer": {
					"ans1" : {"value" : "Sunday", "score": 1},
					"ans2" : {"value" : "Tuesday", "score": 1}
				
					
				},
				"max_score": 1,
				"partial_scoring": false,
				"feedback": "",
				"concepts": [
			        {
			          "identifier": "M184",
			          "relation": "associatedTo"
			        }
					
			     ]
			},
			{
				"type": "ftb",

				"template_id": "org.ekstep.ftb.text.input2_1",
				"template": "org.ekstep.ftb.text.input2_1", 

				"media": [{
					"id": "", 
					"type": "image", 
					"src": "", 
					"asset_id": ""
				}, 
				{
				    "id": "q1_sound",
					"type": "audio",
					"src": "sounds/human/q1.mp3",
					"asset_id": "q1_sound"
				}],

				"title": "",
				"question": "सप्ताह के इन दिनों को अंग्रेज़ी में लिखें",
				"question_image": "", 
				"question_audio": "weekday_ThurSat", 
				"question_count": "1", 

						
				"model" : {
				   "text1": "बृहस्पतिवार",
				   "text2": "शनिवार",
				   "keys":"A,B,C,D,E,F,G,H,I,J,K,L,M,N,O,P,Q,R,S,T,U,V,W,X,Y,Z"
				 				
				},
				
				
				
				"answer": {
					"ans1" : {"value" : "Thursday", "score": 1},
					"ans2" : {"value" : "Saturday", "score": 1}
				
					
				},
				"max_score": 1,
				"partial_scoring": false,
				"feedback": "",
				"concepts": [
			        {
			          "identifier": "M184",
			          "relation": "associatedTo"
			        }
					
			     ]
			},
			{
				"type": "ftb",

				"template_id": "org.ekstep.ftb.text.input2_1",
				"template": "org.ekstep.ftb.text.input2_1", 

				"media": [{
					"id": "", 
					"type": "image", 
					"src": "", 
					"asset_id": ""
				}, 
				{
				    "id": "q1_sound",
					"type": "audio",
					"src": "sounds/human/q1.mp3",
					"asset_id": "q1_sound"
				}],

				"title": "",
				"question": "इन जानवरों के नाम अंग्रेज़ी में लिखें",
				"question_image": "", 
				"question_audio": "animal_BuffGoat", 
				"question_count": "1", 

						
				"model" : {
				   "text1": "भैंस",
				   "text2": "बकरी",
				   "keys":"A,B,C,D,E,F,G,H,I,J,K,L,M,N,O,P,Q,R,S,T,U,V,W,X,Y,Z"
				 				
				},
				
				
				
				"answer": {
					"ans1" : {"value" : "Buffalo", "score": 1},
					"ans2" : {"value" : "Goat", "score": 1}
				
					
				},
				"max_score": 1,
				"partial_scoring": false,
				"feedback": "",
				"concepts": [
			        {
			          "identifier": "M184",
			          "relation": "associatedTo"
			        }
					
			     ]
			},
			{
				"type": "ftb",

				"template_id": "org.ekstep.ftb.text.input2_1",
				"template": "org.ekstep.ftb.text.input2_1", 

				"media": [{
					"id": "", 
					"type": "image", 
					"src": "", 
					"asset_id": ""
				}, 
				{
				    "id": "q1_sound",
					"type": "audio",
					"src": "sounds/human/q1.mp3",
					"asset_id": "q1_sound"
				}],

				"title": "",
				"question": "इन जानवरों के नाम अंग्रेज़ी में लिखें",
				"question_image": "", 
				"question_audio": "animal_OxMonkey", 
				"question_count": "1", 

						
				"model" : {
				   "text1": "बैल",
				   "text2": "बन्दर",
				   "keys":"A,B,C,D,E,F,G,H,I,J,K,L,M,N,O,P,Q,R,S,T,U,V,W,X,Y,Z"
				 				
				},
				
				
				
				"answer": {
					"ans1" : {"value" : "Ox", "score": 1},
					"ans2" : {"value" : "Monkey", "score": 1}
				
					
				},
				"max_score": 1,
				"partial_scoring": false,
				"feedback": "",
				"concepts": [
			        {
			          "identifier": "M184",
			          "relation": "associatedTo"
			        }
					
			     ]
			},
			{
				"type": "ftb",

				"template_id": "org.ekstep.ftb.text.input2_1",
				"template": "org.ekstep.ftb.text.input2_1", 

				"media": [{
					"id": "", 
					"type": "image", 
					"src": "", 
					"asset_id": ""
				}, 
				{
				    "id": "q1_sound",
					"type": "audio",
					"src": "sounds/human/q1.mp3",
					"asset_id": "q1_sound"
				}],

				"title": "",
				"question": "इन जानवरों के नाम अंग्रेज़ी में लिखें",
				"question_image": "", 
				"question_audio": "animal_CatDonkey", 
				"question_count": "1", 

						
				"model" : {
				   "text1": "बिल्ली",
				   "text2": "गधा",
				   "keys":"A,B,C,D,E,F,G,H,I,J,K,L,M,N,O,P,Q,R,S,T,U,V,W,X,Y,Z"
				 				
				},
				
				
				
				"answer": {
					"ans1" : {"value" : "Cat", "score": 1},
					"ans2" : {"value" : "Donkey", "score": 1}
				
					
				},
				"max_score": 1,
				"partial_scoring": false,
				"feedback": "",
				"concepts": [
			        {
			          "identifier": "M184",
			          "relation": "associatedTo"
			        }
					
			     ]
			},
			{
				"type": "ftb",

				"template_id": "org.ekstep.ftb.text.input2_1",
				"template": "org.ekstep.ftb.text.input2_1", 

				"media": [{
					"id": "", 
					"type": "image", 
					"src": "", 
					"asset_id": ""
				}, 
				{
				    "id": "q1_sound",
					"type": "audio",
					"src": "sounds/human/q1.mp3",
					"asset_id": "q1_sound"
				}],

				"title": "",
				"question": "इन जानवरों के नाम अंग्रेज़ी में लिखें",
				"question_image": "", 
				"question_audio": "animal_PigFrog", 
				"question_count": "1", 

						
				"model" : {
				   "text1": "सूअर",
				   "text2": "मेंढ़क",
				   "keys":"A,B,C,D,E,F,G,H,I,J,K,L,M,N,O,P,Q,R,S,T,U,V,W,X,Y,Z"
				 				
				},
				
				
				
				"answer": {
					"ans1" : {"value" : "Pig", "score": 1},
					"ans2" : {"value" : "Frog", "score": 1}
				
					
				},
				"max_score": 1,
				"partial_scoring": false,
				"feedback": "",
				"concepts": [
			        {
			          "identifier": "M184",
			          "relation": "associatedTo"
			        }
					
			     ]
			},
			{
				"type": "ftb",

				"template_id": "org.ekstep.ftb.text.input2_1",
				"template": "org.ekstep.ftb.text.input2_1", 

				"media": [{
					"id": "", 
					"type": "image", 
					"src": "", 
					"asset_id": ""
				}, 
				{
				    "id": "q1_sound",
					"type": "audio",
					"src": "sounds/human/q1.mp3",
					"asset_id": "q1_sound"
				}],

				"title": "",
				"question": "इन जानवरों के नाम अंग्रेज़ी में लिखें",
				"question_image": "", 
				"question_audio": "animal_RatFish", 
				"question_count": "1", 

						
				"model" : {
				   "text1": "चूहा",
				   "text2": "मछली",
				   "keys":"A,B,C,D,E,F,G,H,I,J,K,L,M,N,O,P,Q,R,S,T,U,V,W,X,Y,Z"
				 				
				},
				
				
				
				"answer": {
					"ans1" : {"value" : "Rat", "score": 1},
					"ans2" : {"value" : "Fish", "score": 1}
				
					
				},
				"max_score": 1,
				"partial_scoring": false,
				"feedback": "",
				"concepts": [
			        {
			          "identifier": "M184",
			          "relation": "associatedTo"
			        }
					
			     ]
			},
			{
				"type": "ftb",

				"template_id": "org.ekstep.ftb.text.input2_1",
				"template": "org.ekstep.ftb.text.input2_1", 

				"media": [{
					"id": "", 
					"type": "image", 
					"src": "", 
					"asset_id": ""
				}, 
				{
				    "id": "q1_sound",
					"type": "audio",
					"src": "sounds/human/q1.mp3",
					"asset_id": "q1_sound"
				}],

				"title": "",
				"question": "इन शरीर के अंगों को अंग्रेज़ी में लिखें",
				"question_image": "", 
				"question_audio": "body_EarLips", 
				"question_count": "1", 

						
				"model" : {
				   "text1": "कान",
				   "text2": "ओंठ",
				   "keys":"A,B,C,D,E,F,G,H,I,J,K,L,M,N,O,P,Q,R,S,T,U,V,W,X,Y,Z"
				 				
				},
				
				
				
				"answer": {
					"ans1" : {"value" : "Ear", "score": 1},
					"ans2" : {"value" : "Lip", "score": 1}
				
					
				},
				"max_score": 1,
				"partial_scoring": false,
				"feedback": "",
				"concepts": [
			        {
			          "identifier": "M184",
			          "relation": "associatedTo"
			        }
					
			     ]
			},
			{
				"type": "ftb",

				"template_id": "org.ekstep.ftb.text.input2_1",
				"template": "org.ekstep.ftb.text.input2_1", 

				"media": [{
					"id": "", 
					"type": "image", 
					"src": "", 
					"asset_id": ""
				}, 
				{
				    "id": "q1_sound",
					"type": "audio",
					"src": "sounds/human/q1.mp3",
					"asset_id": "q1_sound"
				}],

				"title": "",
				"question": "इन शरीर के अंगों को अंग्रेज़ी में लिखें",
				"question_image": "", 
				"question_audio": "body_EyeFinger", 
				"question_count": "1", 

						
				"model" : {
				   "text1": "आँख",
				   "text2": "उँगली",
				   "keys":"A,B,C,D,E,F,G,H,I,J,K,L,M,N,O,P,Q,R,S,T,U,V,W,X,Y,Z"
				 				
				},
				
				
				
				"answer": {
					"ans1" : {"value" : "Eye", "score": 1},
					"ans2" : {"value" : "Finger", "score": 1}
				
					
				},
				"max_score": 1,
				"partial_scoring": false,
				"feedback": "",
				"concepts": [
			        {
			          "identifier": "M184",
			          "relation": "associatedTo"
			        }
					
			     ]
			},
			{
				"type": "ftb",

				"template_id": "org.ekstep.ftb.text.input2_1",
				"template": "org.ekstep.ftb.text.input2_1", 

				"media": [{
					"id": "", 
					"type": "image", 
					"src": "", 
					"asset_id": ""
				}, 
				{
				    "id": "q1_sound",
					"type": "audio",
					"src": "sounds/human/q1.mp3",
					"asset_id": "q1_sound"
				}],

				"title": "",
				"question": "इन शरीर के अंगों को अंग्रेज़ी में लिखें",
				"question_image": "", 
				"question_audio": "body_NoseLeg", 
				"question_count": "1", 

						
				"model" : {
				   "text1": "नाक",
				   "text2": "पैर",
				   "keys":"A,B,C,D,E,F,G,H,I,J,K,L,M,N,O,P,Q,R,S,T,U,V,W,X,Y,Z"
				 				
				},
				
				
				
				"answer": {
					"ans1" : {"value" : "Nose", "score": 1},
					"ans2" : {"value" : "Leg", "score": 1}
				
					
				},
				"max_score": 1,
				"partial_scoring": false,
				"feedback": "",
				"concepts": [
			        {
			          "identifier": "M184",
			          "relation": "associatedTo"
			        }
					
			     ]
			},
			{
				"type": "ftb",

				"template_id": "org.ekstep.ftb.text.input2_1",
				"template": "org.ekstep.ftb.text.input2_1", 

				"media": [{
					"id": "", 
					"type": "image", 
					"src": "", 
					"asset_id": ""
				}, 
				{
				    "id": "q1_sound",
					"type": "audio",
					"src": "sounds/human/q1.mp3",
					"asset_id": "q1_sound"
				}],

				"title": "",
				"question": "इन शरीर के अंगों को अंग्रेज़ी में लिखें",
				"question_image": "", 
				"question_audio": "body_TongueHand", 
				"question_count": "1", 

						
				"model" : {
				   "text1": "जीभ",
				   "text2": "हाथ",
				   "keys":"A,B,C,D,E,F,G,H,I,J,K,L,M,N,O,P,Q,R,S,T,U,V,W,X,Y,Z"
				 				
				},
				
				
				
				"answer": {
					"ans1" : {"value" : "Tongue", "score": 1},
					"ans2" : {"value" : "Hand", "score": 1}
				
					
				},
				"max_score": 1,
				"partial_scoring": false,
				"feedback": "",
				"concepts": [
			        {
			          "identifier": "M184",
			          "relation": "associatedTo"
			        }
					
			     ]
			},
			{
				"type": "ftb",

				"template_id": "org.ekstep.ftb.text.input2_1",
				"template": "org.ekstep.ftb.text.input2_1", 

				"media": [{
					"id": "", 
					"type": "image", 
					"src": "", 
					"asset_id": ""
				}, 
				{
				    "id": "q1_sound",
					"type": "audio",
					"src": "sounds/human/q1.mp3",
					"asset_id": "q1_sound"
				}],

				"title": "",
				"question": "इन शरीर के अंगों को अंग्रेज़ी में लिखें",
				"question_image": "", 
				"question_audio": "body_HairFace", 
				"question_count": "1", 

						
				"model" : {
				   "text1": "बाल",
				   "text2": "चेहरा",
				   "keys":"A,B,C,D,E,F,G,H,I,J,K,L,M,N,O,P,Q,R,S,T,U,V,W,X,Y,Z"
				 				
				},
				
				
				
				"answer": {
					"ans1" : {"value" : "Hair", "score": 1},
					"ans2" : {"value" : "Face", "score": 1}
				
					
				},
				"max_score": 1,
				"partial_scoring": false,
				"feedback": "",
				"concepts": [
			        {
			          "identifier": "M184",
			          "relation": "associatedTo"
			        }
					
			     ]
			}
		]
	}
}